instant,dteday,season,yr,mnth,holiday,weekday,workingday,weathersit,temp,atemp,hum,windspeed,casual,registered,cnt,t_rank_norm,h_rank_norm,w_rank_norm,day_score,day_clustering
1,2011-01-01,1,0,1,0,6,0,2,0.34,0.36,0.81,0.16,331,654,985,73.32,88.03,38.71,3.47,Good day
2,2011-01-02,1,0,1,0,0,0,2,0.36,0.35,0.7,0.25,131,670,801,70.31,67.17,80.16,3.58,Normal day
3,2011-01-03,1,0,1,0,1,1,1,0.2,0.19,0.44,0.25,120,1229,1349,96.03,8.34,80.03,3.76,Normal day
4,2011-01-04,1,0,1,0,2,1,1,0.2,0.21,0.59,0.16,108,1454,1562,95.49,42.13,38.58,3.67,Normal day
5,2011-01-05,1,0,1,0,3,1,1,0.23,0.23,0.44,0.19,82,1518,1600,93.02,8.07,53.21,3.4,Good day
6,2011-01-06,1,0,1,0,4,1,1,0.2,0.23,0.52,0.09,88,1518,1606,95.21,24.49,7.52,3.18,Good day
7,2011-01-07,1,0,1,0,5,1,2,0.2,0.21,0.5,0.17,148,1362,1510,95.83,19.84,43.98,3.51,Normal day
8,2011-01-08,1,0,1,0,6,0,2,0.16,0.16,0.54,0.27,68,891,959,98.29,27.91,84.27,4.07,Normal day
9,2011-01-09,1,0,1,0,0,0,1,0.14,0.12,0.43,0.36,54,768,822,99.18,7.59,97.33,4.02,Normal day
10,2011-01-10,1,0,1,0,1,1,1,0.15,0.15,0.48,0.22,41,1280,1321,98.77,15.18,70.04,3.82,Normal day
11,2011-01-11,1,0,1,0,2,1,2,0.17,0.19,0.69,0.12,43,1220,1263,97.95,64.3,18.33,3.76,Normal day
12,2011-01-12,1,0,1,0,3,1,1,0.17,0.16,0.6,0.3,25,1137,1162,97.81,43.91,91.24,4.29,Bad day
13,2011-01-13,1,0,1,0,4,1,1,0.16,0.15,0.47,0.3,38,1368,1406,98.29,13.41,90.7,3.99,Normal day
14,2011-01-14,1,0,1,0,5,1,1,0.16,0.19,0.54,0.13,54,1367,1421,98.63,28.32,20.79,3.45,Good day
15,2011-01-15,1,0,1,0,6,0,2,0.23,0.25,0.5,0.16,222,1026,1248,92.54,19.97,37.76,3.35,Good day
16,2011-01-16,1,0,1,0,0,0,1,0.23,0.23,0.48,0.19,251,953,1204,92.75,15.73,54.45,3.48,Good day
17,2011-01-17,1,0,1,1,1,0,2,0.18,0.18,0.54,0.19,117,883,1000,97.54,28.18,57.59,3.78,Normal day
18,2011-01-18,1,0,1,0,2,1,2,0.22,0.23,0.86,0.15,9,674,683,94.66,94.25,32.08,4.1,Normal day
19,2011-01-19,1,0,1,0,3,1,2,0.29,0.3,0.74,0.21,78,1572,1650,83.58,78.52,63.06,3.92,Normal day
20,2011-01-20,1,0,1,0,4,1,2,0.26,0.26,0.54,0.2,83,1844,1927,89.81,28.86,58.41,3.57,Normal day
21,2011-01-21,1,0,1,0,5,1,1,0.18,0.16,0.46,0.35,75,1468,1543,97.4,11.15,96.72,4.0,Normal day
22,2011-01-22,1,0,1,0,6,0,1,0.06,0.08,0.4,0.17,93,888,981,100.0,4.1,45.55,3.5,Good day
23,2011-01-23,1,0,1,0,0,0,1,0.1,0.1,0.44,0.25,150,836,986,99.86,7.93,79.62,3.87,Normal day
24,2011-01-24,1,0,1,0,1,1,1,0.1,0.12,0.49,0.16,86,1330,1416,99.73,17.65,38.17,3.55,Normal day
25,2011-01-25,1,0,1,0,2,1,2,0.22,0.23,0.62,0.13,186,1799,1985,93.43,47.47,22.02,3.5,Good day
26,2011-01-26,1,0,1,0,3,1,3,0.22,0.2,0.86,0.29,34,472,506,94.46,94.46,89.33,4.67,Bad day
27,2011-01-27,1,0,1,0,4,1,1,0.2,0.22,0.69,0.11,15,416,431,96.17,64.57,14.36,3.67,Normal day
28,2011-01-28,1,0,1,0,5,1,2,0.2,0.22,0.79,0.12,38,1129,1167,95.35,86.73,19.02,3.92,Normal day
29,2011-01-29,1,0,1,0,6,0,1,0.2,0.21,0.65,0.15,123,975,1098,95.83,56.22,31.05,3.75,Normal day
30,2011-01-30,1,0,1,0,0,0,1,0.22,0.25,0.72,0.07,140,956,1096,94.8,73.32,4.24,3.62,Normal day
31,2011-01-31,1,0,1,0,1,1,2,0.18,0.19,0.6,0.19,42,1459,1501,97.13,44.87,53.69,3.9,Normal day
32,2011-02-01,1,0,2,0,2,1,2,0.19,0.23,0.83,0.05,47,1313,1360,96.31,91.11,1.23,3.81,Normal day
33,2011-02-02,1,0,2,0,3,1,2,0.26,0.25,0.78,0.26,72,1454,1526,90.01,84.75,83.72,4.39,Bad day
34,2011-02-03,1,0,2,0,4,1,1,0.19,0.18,0.44,0.28,61,1489,1550,96.85,8.62,86.59,3.86,Normal day
35,2011-02-04,1,0,2,0,5,1,2,0.21,0.23,0.59,0.13,88,1620,1708,95.08,40.08,21.34,3.47,Good day
36,2011-02-05,1,0,2,0,6,0,2,0.23,0.24,0.93,0.16,100,905,1005,92.54,99.04,39.33,4.16,Normal day
37,2011-02-06,1,0,2,0,0,0,1,0.29,0.29,0.57,0.14,354,1269,1623,84.68,35.16,29.27,3.18,Good day
38,2011-02-07,1,0,2,0,1,1,1,0.27,0.3,0.74,0.05,120,1592,1712,87.69,77.36,0.55,3.41,Good day
39,2011-02-08,1,0,2,0,2,1,1,0.22,0.2,0.54,0.36,64,1466,1530,94.05,28.52,97.33,4.08,Normal day
40,2011-02-09,1,0,2,0,3,1,2,0.13,0.14,0.49,0.19,53,1552,1605,99.32,19.02,54.72,3.72,Normal day
41,2011-02-10,1,0,2,0,4,1,1,0.14,0.15,0.44,0.22,47,1491,1538,99.04,8.48,68.81,3.74,Normal day
42,2011-02-11,1,0,2,0,5,1,1,0.19,0.21,0.51,0.11,149,1597,1746,96.72,22.16,12.59,3.25,Good day
43,2011-02-12,1,0,2,0,6,0,1,0.22,0.23,0.54,0.2,288,1184,1472,93.64,30.92,61.01,3.73,Normal day
44,2011-02-13,1,0,2,0,0,0,1,0.32,0.32,0.46,0.26,397,1192,1589,79.82,11.35,83.04,3.34,Good day
45,2011-02-14,1,0,2,0,1,1,1,0.42,0.4,0.38,0.42,208,1705,1913,61.76,2.74,99.45,2.87,Good day
46,2011-02-15,1,0,2,0,2,1,1,0.27,0.25,0.31,0.29,140,1675,1815,88.24,1.37,88.78,3.55,Normal day
47,2011-02-16,1,0,2,0,3,1,1,0.32,0.32,0.42,0.25,218,1897,2115,79.07,6.84,81.26,3.25,Good day
48,2011-02-17,1,0,2,0,4,1,1,0.44,0.43,0.5,0.23,259,2216,2475,58.96,21.61,73.46,2.72,Good day
49,2011-02-18,1,0,2,0,5,1,1,0.52,0.51,0.52,0.26,579,2348,2927,47.2,24.35,83.86,2.5,Good day
50,2011-02-19,1,0,2,0,6,0,1,0.4,0.39,0.19,0.51,532,1103,1635,64.64,0.27,100.0,2.94,Good day
51,2011-02-20,1,0,2,0,0,0,1,0.29,0.28,0.41,0.22,639,1173,1812,84.82,5.2,69.77,3.29,Good day
52,2011-02-21,1,0,2,1,1,0,2,0.3,0.28,0.6,0.31,195,912,1107,81.19,45.28,92.07,3.81,Normal day
53,2011-02-22,1,0,2,0,2,1,1,0.18,0.19,0.58,0.2,74,1376,1450,96.99,38.17,58.28,3.87,Normal day
54,2011-02-23,1,0,2,0,3,1,1,0.22,0.25,0.42,0.09,139,1778,1917,93.84,6.7,8.76,2.97,Good day
55,2011-02-24,1,0,2,0,4,1,2,0.3,0.29,0.7,0.25,100,1707,1807,83.17,67.85,80.71,3.98,Normal day
56,2011-02-25,1,0,2,0,5,1,2,0.36,0.35,0.71,0.35,120,1341,1461,70.18,71.0,95.62,3.77,Normal day
57,2011-02-26,1,0,2,0,6,0,1,0.28,0.28,0.54,0.19,424,1545,1969,85.36,28.52,53.08,3.38,Good day
58,2011-02-27,1,0,2,0,0,0,1,0.34,0.35,0.68,0.13,694,1708,2402,73.46,62.24,20.11,3.03,Good day
59,2011-02-28,1,0,2,0,1,1,2,0.41,0.4,0.88,0.29,81,1365,1446,63.75,95.49,88.24,3.75,Normal day
60,2011-03-01,1,0,3,0,2,1,1,0.27,0.26,0.54,0.22,137,1714,1851,88.1,27.63,67.03,3.59,Normal day
61,2011-03-02,1,0,3,0,3,1,1,0.34,0.32,0.45,0.31,231,1903,2134,75.38,9.85,91.93,3.28,Good day
62,2011-03-03,1,0,3,0,4,1,1,0.2,0.2,0.32,0.23,123,1562,1685,95.62,1.64,71.27,3.6,Normal day
63,2011-03-04,1,0,3,0,5,1,2,0.26,0.26,0.61,0.2,214,1730,1944,89.81,45.69,60.88,3.76,Normal day
64,2011-03-05,1,0,3,0,6,0,2,0.38,0.38,0.79,0.25,640,1437,2077,66.89,85.91,81.4,3.68,Normal day
65,2011-03-06,1,0,3,0,0,0,2,0.38,0.37,0.95,0.34,114,491,605,68.26,99.45,95.08,3.99,Normal day
66,2011-03-07,1,0,3,0,1,1,1,0.26,0.24,0.55,0.34,244,1628,1872,89.6,32.28,94.39,3.95,Normal day
67,2011-03-08,1,0,3,0,2,1,1,0.29,0.3,0.42,0.12,316,1817,2133,83.45,6.43,17.72,2.74,Good day
68,2011-03-09,1,0,3,0,3,1,2,0.3,0.29,0.78,0.22,191,1700,1891,82.9,84.75,67.58,4.01,Normal day
69,2011-03-10,1,0,3,0,4,1,3,0.39,0.39,0.0,0.26,46,577,623,66.21,0.14,83.45,2.82,Good day
70,2011-03-11,1,0,3,0,5,1,2,0.32,0.3,0.65,0.23,247,1730,1977,79.82,55.4,74.69,3.7,Normal day
71,2011-03-12,1,0,3,0,6,0,1,0.33,0.33,0.59,0.22,724,1408,2132,76.4,42.89,68.19,3.4,Good day
72,2011-03-13,1,0,3,0,0,0,1,0.38,0.38,0.53,0.27,982,1435,2417,66.62,26.4,85.09,3.11,Good day
73,2011-03-14,1,0,3,0,1,1,1,0.33,0.33,0.5,0.14,359,1687,2046,77.15,19.43,26.81,2.78,Good day
74,2011-03-15,1,0,3,0,2,1,2,0.32,0.32,0.66,0.18,289,1767,2056,79.48,57.59,51.98,3.48,Good day
75,2011-03-16,1,0,3,0,3,1,2,0.37,0.37,0.78,0.2,321,1871,2192,70.04,85.09,60.74,3.56,Normal day
76,2011-03-17,1,0,3,0,4,1,1,0.42,0.41,0.6,0.21,424,2320,2744,61.76,44.53,64.16,2.94,Good day
77,2011-03-18,1,0,3,0,5,1,1,0.54,0.53,0.53,0.23,884,2355,3239,44.12,26.13,74.01,2.32,Good day
78,2011-03-19,1,0,3,0,6,0,1,0.47,0.47,0.38,0.37,1424,1693,3117,52.8,3.01,97.67,2.59,Good day
79,2011-03-20,1,0,3,0,0,0,1,0.33,0.33,0.47,0.21,1047,1424,2471,75.72,13.82,62.93,3.04,Good day
80,2011-03-21,2,0,3,0,1,1,2,0.43,0.41,0.74,0.29,401,1676,2077,59.78,77.02,88.1,3.44,Good day
81,2011-03-22,2,0,3,0,2,1,1,0.44,0.44,0.62,0.23,460,2243,2703,57.59,49.66,71.07,2.94,Good day
82,2011-03-23,2,0,3,0,3,1,2,0.35,0.34,0.84,0.23,203,1918,2121,72.78,92.75,75.38,3.86,Normal day
83,2011-03-24,2,0,3,0,4,1,2,0.28,0.27,0.81,0.24,166,1699,1865,84.95,88.03,79.07,4.22,Bad day
84,2011-03-25,2,0,3,0,5,1,1,0.26,0.26,0.5,0.23,300,1910,2210,89.4,19.15,73.8,3.61,Normal day
85,2011-03-26,2,0,3,0,6,0,1,0.27,0.26,0.39,0.21,981,1515,2496,88.65,3.42,63.82,3.33,Good day
86,2011-03-27,2,0,3,0,0,0,2,0.25,0.25,0.49,0.18,472,1221,1693,91.38,18.47,51.85,3.44,Good day
87,2011-03-28,2,0,3,0,1,1,1,0.26,0.26,0.3,0.21,222,1806,2028,89.19,0.82,65.12,3.34,Good day
88,2011-03-29,2,0,3,0,2,1,1,0.3,0.29,0.31,0.23,317,2108,2425,81.46,1.23,71.82,3.17,Good day
89,2011-03-30,2,0,3,0,3,1,2,0.3,0.3,0.65,0.17,168,1368,1536,81.74,54.79,46.1,3.46,Good day
90,2011-03-31,2,0,3,0,4,1,3,0.27,0.26,0.92,0.22,179,1506,1685,87.96,98.63,67.17,4.3,Bad day
91,2011-04-01,2,0,4,0,5,1,2,0.3,0.28,0.69,0.26,307,1920,2227,81.74,64.09,82.63,3.92,Normal day
92,2011-04-02,2,0,4,0,6,0,2,0.32,0.32,0.65,0.2,898,1354,2252,80.16,56.84,58.69,3.56,Normal day
93,2011-04-03,2,0,4,0,0,0,1,0.38,0.38,0.48,0.18,1651,1598,3249,67.85,14.64,50.62,2.69,Good day
94,2011-04-04,2,0,4,0,1,1,1,0.57,0.54,0.43,0.39,734,2381,3115,38.37,7.25,98.36,2.21,Good day
95,2011-04-05,2,0,4,0,2,1,2,0.41,0.4,0.64,0.39,167,1628,1795,62.11,53.63,98.63,3.39,Good day
96,2011-04-06,2,0,4,0,3,1,1,0.39,0.39,0.47,0.26,413,2395,2808,65.8,13.54,83.58,2.95,Good day
97,2011-04-07,2,0,4,0,4,1,1,0.44,0.43,0.6,0.16,571,2570,3141,58.48,44.53,39.53,2.6,Good day
98,2011-04-08,2,0,4,0,5,1,2,0.34,0.32,0.84,0.23,172,1299,1471,75.24,92.34,71.68,3.9,Normal day
99,2011-04-09,2,0,4,0,6,0,2,0.34,0.34,0.88,0.13,879,1576,2455,74.15,95.62,23.87,3.42,Good day
100,2011-04-10,2,0,4,0,0,0,2,0.43,0.43,0.86,0.15,1188,1707,2895,60.19,93.98,31.87,3.06,Good day
101,2011-04-11,2,0,4,0,1,1,2,0.6,0.57,0.72,0.32,855,2493,3348,35.84,72.23,93.3,2.73,Good day
102,2011-04-12,2,0,4,0,2,1,2,0.5,0.49,0.74,0.27,257,1777,2034,49.73,77.56,86.18,3.13,Good day
103,2011-04-13,2,0,4,0,3,1,2,0.41,0.42,0.82,0.25,209,1953,2162,62.52,90.29,80.92,3.59,Normal day
104,2011-04-14,2,0,4,0,4,1,1,0.47,0.46,0.54,0.11,529,2738,3267,53.76,29.55,13.0,2.04,Good day
105,2011-04-15,2,0,4,1,5,0,1,0.45,0.44,0.67,0.23,642,2484,3126,57.05,60.6,71.41,3.03,Good day
106,2011-04-16,2,0,4,0,6,0,3,0.43,0.43,0.89,0.34,121,674,795,59.64,96.85,94.25,3.7,Normal day
107,2011-04-17,2,0,4,0,0,0,1,0.46,0.45,0.48,0.3,1558,2186,3744,56.02,14.5,90.9,2.73,Good day
108,2011-04-18,2,0,4,0,1,1,1,0.51,0.5,0.54,0.16,669,2760,3429,48.36,30.37,40.29,2.16,Good day
109,2011-04-19,2,0,4,0,2,1,2,0.51,0.49,0.67,0.16,409,2795,3204,49.32,59.1,37.89,2.45,Good day
110,2011-04-20,2,0,4,0,3,1,1,0.6,0.56,0.61,0.24,613,3331,3944,36.05,46.92,78.66,2.34,Good day
111,2011-04-21,2,0,4,0,4,1,1,0.46,0.45,0.41,0.33,745,3444,4189,55.27,4.99,93.43,2.64,Good day
112,2011-04-22,2,0,4,0,5,1,2,0.34,0.32,0.73,0.22,177,1506,1683,75.1,74.69,67.31,3.67,Normal day
113,2011-04-23,2,0,4,0,6,0,2,0.46,0.45,0.89,0.23,1462,2574,4036,54.99,96.72,73.8,3.35,Good day
114,2011-04-24,2,0,4,0,0,0,2,0.58,0.55,0.81,0.19,1710,2481,4191,37.28,89.19,56.98,2.58,Good day
115,2011-04-25,2,0,4,0,1,1,1,0.61,0.57,0.78,0.19,773,3300,4073,33.79,85.23,52.67,2.39,Good day
116,2011-04-26,2,0,4,0,2,1,1,0.63,0.59,0.73,0.33,678,3722,4400,29.96,74.42,93.57,2.58,Good day
117,2011-04-27,2,0,4,0,3,1,2,0.62,0.58,0.84,0.31,547,3325,3872,31.53,92.0,92.34,2.79,Good day
118,2011-04-28,2,0,4,0,4,1,2,0.62,0.58,0.7,0.32,569,3489,4058,31.87,68.54,93.02,2.57,Good day
119,2011-04-29,2,0,4,0,5,1,1,0.51,0.5,0.46,0.24,878,3717,4595,48.84,11.15,78.25,2.36,Good day
120,2011-04-30,2,0,4,0,6,0,1,0.47,0.46,0.5,0.24,1965,3347,5312,52.8,20.79,75.79,2.55,Good day
121,2011-05-01,2,0,5,0,0,0,2,0.45,0.45,0.76,0.11,1138,2213,3351,56.63,82.76,12.18,2.65,Good day
122,2011-05-02,2,0,5,0,1,1,2,0.55,0.53,0.73,0.18,847,3554,4401,42.34,74.97,51.16,2.53,Good day
123,2011-05-03,2,0,5,0,2,1,2,0.62,0.58,0.7,0.34,603,3848,4451,32.08,67.58,94.73,2.59,Good day
124,2011-05-04,2,0,5,0,3,1,2,0.41,0.4,0.74,0.33,255,2378,2633,62.11,76.88,93.71,3.57,Normal day
125,2011-05-05,2,0,5,0,4,1,1,0.46,0.44,0.44,0.3,614,3819,4433,55.27,9.3,89.74,2.65,Good day
126,2011-05-06,2,0,5,0,5,1,1,0.48,0.47,0.59,0.23,894,3714,4608,51.98,41.45,72.23,2.7,Good day
127,2011-05-07,2,0,5,0,6,0,1,0.52,0.51,0.54,0.16,1612,3102,4714,47.74,29.96,38.85,2.12,Good day
128,2011-05-08,2,0,5,0,0,0,1,0.53,0.52,0.63,0.07,1401,2932,4333,46.37,50.96,4.38,1.94,Good day
129,2011-05-09,2,0,5,0,1,1,1,0.53,0.53,0.59,0.18,664,3698,4362,45.28,41.04,48.02,2.25,Good day
130,2011-05-10,2,0,5,0,2,1,1,0.53,0.52,0.49,0.12,694,4109,4803,45.28,16.76,15.18,1.68,Good day
131,2011-05-11,2,0,5,0,3,1,1,0.54,0.53,0.63,0.12,550,3632,4182,43.3,51.16,17.51,1.99,Good day
132,2011-05-12,2,0,5,0,4,1,1,0.54,0.52,0.75,0.19,695,4169,4864,44.73,79.48,55.27,2.69,Good day
133,2011-05-13,2,0,5,0,5,1,2,0.51,0.49,0.86,0.18,692,3413,4105,48.36,94.66,49.66,2.89,Good day
134,2011-05-14,2,0,5,0,6,0,2,0.52,0.5,0.92,0.13,902,2507,3409,47.54,98.77,25.1,2.66,Good day
135,2011-05-15,2,0,5,0,0,0,2,0.56,0.54,0.87,0.15,1582,2971,4553,40.15,94.94,34.88,2.5,Good day
136,2011-05-16,2,0,5,0,1,1,1,0.58,0.55,0.79,0.13,773,3185,3958,37.89,85.77,20.93,2.2,Good day
137,2011-05-17,2,0,5,0,2,1,2,0.56,0.54,0.84,0.28,678,3445,4123,40.49,92.48,86.46,3.0,Good day
138,2011-05-18,2,0,5,0,3,1,2,0.55,0.53,0.87,0.2,536,3319,3855,42.0,95.08,60.47,2.82,Good day
139,2011-05-19,2,0,5,0,4,1,2,0.53,0.51,0.83,0.11,735,3840,4575,45.69,91.24,12.45,2.41,Good day
140,2011-05-20,2,0,5,0,5,1,1,0.54,0.53,0.72,0.13,909,4008,4917,44.6,72.78,19.97,2.27,Good day
141,2011-05-21,2,0,5,0,6,0,1,0.6,0.57,0.63,0.12,2258,3547,5805,34.47,50.07,17.72,1.71,Good day
142,2011-05-22,2,0,5,0,0,0,1,0.6,0.57,0.75,0.15,1576,3084,4660,34.13,79.75,32.56,2.15,Good day
143,2011-05-23,2,0,5,0,1,1,2,0.63,0.59,0.81,0.23,836,3438,4274,29.96,88.85,75.24,2.54,Good day
144,2011-05-24,2,0,5,0,2,1,2,0.66,0.6,0.74,0.21,659,3833,4492,24.01,77.84,62.45,2.12,Good day
145,2011-05-25,2,0,5,0,3,1,1,0.66,0.62,0.7,0.15,740,4238,4978,23.8,67.31,35.98,1.75,Good day
146,2011-05-26,2,0,5,0,4,1,1,0.71,0.65,0.68,0.2,758,3919,4677,16.07,62.04,59.64,1.7,Good day
147,2011-05-27,2,0,5,0,5,1,1,0.68,0.64,0.65,0.24,871,3808,4679,20.79,56.84,78.52,1.98,Good day
148,2011-05-28,2,0,5,0,6,0,1,0.66,0.61,0.73,0.23,2001,2757,4758,24.97,74.69,73.32,2.23,Good day
149,2011-05-29,2,0,5,0,0,0,1,0.67,0.62,0.82,0.21,2355,2433,4788,22.85,90.15,65.8,2.24,Good day
150,2011-05-30,2,0,5,1,1,0,1,0.73,0.67,0.68,0.13,1549,2549,4098,9.71,63.68,23.12,1.16,Good day
151,2011-05-31,2,0,5,0,2,1,1,0.78,0.73,0.64,0.11,673,3309,3982,4.38,52.46,13.54,0.79,Good day
152,2011-06-01,2,0,6,0,3,1,2,0.76,0.72,0.68,0.21,513,3461,3974,5.95,61.76,62.45,1.42,Good day
153,2011-06-02,2,0,6,0,4,1,1,0.72,0.64,0.3,0.29,736,4232,4968,14.5,0.96,89.06,1.34,Good day
154,2011-06-03,2,0,6,0,5,1,1,0.62,0.59,0.35,0.25,898,4414,5312,31.53,2.05,81.81,1.78,Good day
155,2011-06-04,2,0,6,0,6,0,1,0.64,0.59,0.46,0.12,1869,3473,5342,29.0,10.74,18.88,1.17,Good day
156,2011-06-05,2,0,6,0,0,0,2,0.65,0.62,0.65,0.14,1685,3221,4906,27.15,56.43,27.63,1.66,Good day
157,2011-06-06,2,0,6,0,1,1,1,0.68,0.62,0.6,0.12,673,3875,4548,21.82,44.05,18.13,1.28,Good day
158,2011-06-07,2,0,6,0,2,1,1,0.71,0.66,0.6,0.19,763,4070,4833,16.35,43.57,54.1,1.47,Good day
159,2011-06-08,2,0,6,0,3,1,1,0.78,0.73,0.62,0.14,676,3725,4401,4.1,48.7,26.4,0.87,Good day
160,2011-06-09,2,0,6,0,4,1,2,0.81,0.76,0.57,0.15,563,3352,3915,1.78,35.16,33.65,0.74,Good day
161,2011-06-10,2,0,6,0,5,1,1,0.76,0.7,0.6,0.14,815,3771,4586,6.7,45.28,28.32,0.94,Good day
162,2011-06-11,2,0,6,0,6,0,1,0.72,0.68,0.65,0.15,1729,3237,4966,11.49,57.25,36.25,1.28,Good day
163,2011-06-12,2,0,6,0,0,0,1,0.69,0.64,0.75,0.16,1467,2993,4460,19.29,79.62,40.29,1.78,Good day
164,2011-06-13,2,0,6,0,1,1,1,0.64,0.6,0.49,0.31,863,4157,5020,29.0,18.81,91.52,1.97,Good day
165,2011-06-14,2,0,6,0,2,1,1,0.6,0.59,0.51,0.27,727,4164,4891,34.13,22.5,84.82,2.1,Good day
166,2011-06-15,2,0,6,0,3,1,1,0.63,0.59,0.47,0.17,769,4411,5180,30.78,13.68,43.09,1.49,Good day
167,2011-06-16,2,0,6,0,4,1,2,0.63,0.6,0.69,0.21,545,3222,3767,30.44,64.84,61.97,2.18,Good day
168,2011-06-17,2,0,6,0,5,1,1,0.65,0.6,0.74,0.14,863,3981,4844,26.74,76.61,29.96,1.87,Good day
169,2011-06-18,2,0,6,0,6,0,1,0.7,0.64,0.67,0.12,1807,3312,5119,18.54,60.33,17.24,1.33,Good day
170,2011-06-19,2,0,6,0,0,0,2,0.7,0.65,0.67,0.1,1639,3105,4744,17.92,59.44,10.88,1.24,Good day
171,2011-06-20,2,0,6,0,1,1,2,0.64,0.6,0.75,0.16,699,3311,4010,29.0,79.21,36.8,2.03,Good day
172,2011-06-21,3,0,6,0,2,1,2,0.68,0.64,0.77,0.17,774,4061,4835,21.0,84.13,44.94,1.92,Good day
173,2011-06-22,3,0,6,0,3,1,1,0.73,0.69,0.71,0.17,661,3846,4507,9.71,69.97,45.69,1.45,Good day
174,2011-06-23,3,0,6,0,4,1,2,0.73,0.69,0.7,0.24,746,4044,4790,10.67,69.29,77.56,1.79,Good day
175,2011-06-24,3,0,6,0,5,1,1,0.72,0.66,0.57,0.22,969,4022,4991,11.7,36.66,69.22,1.41,Good day
176,2011-06-25,3,0,6,0,6,0,1,0.7,0.64,0.48,0.21,1782,3420,5202,19.02,15.46,63.82,1.36,Good day
177,2011-06-26,3,0,6,0,0,0,1,0.68,0.64,0.51,0.09,1920,3385,5305,21.41,23.87,8.89,0.97,Good day
178,2011-06-27,3,0,6,0,1,1,2,0.68,0.64,0.66,0.11,854,3854,4708,20.66,58.0,12.31,1.32,Good day
179,2011-06-28,3,0,6,0,2,1,1,0.74,0.69,0.63,0.14,732,3916,4648,8.48,51.5,30.51,1.07,Good day
180,2011-06-29,3,0,6,0,3,1,1,0.73,0.65,0.5,0.26,848,4377,5225,10.67,19.7,83.31,1.35,Good day
181,2011-06-30,3,0,6,0,4,1,1,0.7,0.64,0.43,0.19,1027,4488,5515,18.54,7.59,52.39,1.16,Good day
182,2011-07-01,3,0,7,0,5,1,1,0.72,0.65,0.4,0.1,1246,4116,5362,12.24,3.83,11.08,0.52,Good day
183,2011-07-02,3,0,7,0,6,0,1,0.74,0.67,0.44,0.12,2204,2915,5119,9.17,9.44,14.84,0.52,Good day
184,2011-07-03,3,0,7,0,0,0,2,0.72,0.67,0.68,0.23,2282,2367,4649,13.82,62.65,72.64,1.77,Good day
185,2011-07-04,3,0,7,1,1,0,2,0.73,0.67,0.64,0.08,3065,2978,6043,11.08,52.94,5.34,0.92,Good day
186,2011-07-05,3,0,7,0,2,1,1,0.75,0.7,0.59,0.13,1031,3634,4665,8.07,41.86,20.66,0.87,Good day
187,2011-07-06,3,0,7,0,3,1,1,0.72,0.69,0.74,0.15,784,3845,4629,13.0,78.93,33.65,1.52,Good day
188,2011-07-07,3,0,7,0,4,1,1,0.75,0.69,0.65,0.16,754,3838,4592,7.46,56.02,38.3,1.17,Good day
189,2011-07-08,3,0,7,0,5,1,2,0.71,0.67,0.76,0.23,692,3348,4040,15.8,81.87,70.79,2.0,Good day
190,2011-07-09,3,0,7,0,6,0,1,0.73,0.66,0.61,0.17,1988,3348,5336,9.71,45.55,43.09,1.18,Good day
191,2011-07-10,3,0,7,0,0,0,1,0.75,0.69,0.58,0.18,1743,3138,4881,7.8,38.37,51.44,1.13,Good day
192,2011-07-11,3,0,7,0,1,1,1,0.76,0.73,0.64,0.28,723,3363,4086,6.29,51.92,87.28,1.58,Good day
193,2011-07-12,3,0,7,0,2,1,1,0.79,0.74,0.56,0.2,662,3596,4258,2.33,33.65,59.78,1.0,Good day
194,2011-07-13,3,0,7,0,3,1,1,0.75,0.69,0.63,0.15,748,3594,4342,8.07,50.96,31.33,1.06,Good day
195,2011-07-14,3,0,7,0,4,1,1,0.68,0.64,0.48,0.24,888,4196,5084,21.0,13.95,78.39,1.55,Good day
196,2011-07-15,3,0,7,0,5,1,1,0.66,0.62,0.59,0.18,1318,4220,5538,23.53,42.27,50.89,1.64,Good day
197,2011-07-16,3,0,7,0,6,0,1,0.69,0.64,0.58,0.21,2418,3505,5923,19.97,39.95,63.2,1.63,Good day
198,2011-07-17,3,0,7,0,0,0,1,0.72,0.67,0.6,0.25,2006,3296,5302,13.2,45.01,79.48,1.64,Good day
199,2011-07-18,3,0,7,0,1,1,1,0.75,0.7,0.65,0.22,841,3617,4458,8.07,56.02,66.76,1.47,Good day
200,2011-07-19,3,0,7,0,2,1,1,0.78,0.75,0.65,0.13,752,3789,4541,3.9,55.75,22.64,0.9,Good day
201,2011-07-20,3,0,7,0,3,1,1,0.77,0.75,0.71,0.11,644,3688,4332,5.2,69.77,14.23,1.0,Good day
202,2011-07-21,3,0,7,0,4,1,2,0.82,0.83,0.69,0.22,632,3152,3784,1.64,65.66,69.08,1.4,Good day
203,2011-07-22,3,0,7,0,5,1,1,0.85,0.84,0.58,0.13,562,2825,3387,0.41,39.06,24.08,0.64,Good day
204,2011-07-23,3,0,7,0,6,0,1,0.85,0.8,0.5,0.13,987,2298,3285,0.27,20.11,22.91,0.44,Good day
205,2011-07-24,3,0,7,0,0,0,1,0.83,0.79,0.55,0.17,1050,2556,3606,0.82,32.08,44.32,0.79,Good day
206,2011-07-25,3,0,7,0,1,1,1,0.74,0.72,0.76,0.09,568,3272,3840,8.69,81.4,7.93,1.15,Good day
207,2011-07-26,3,0,7,0,2,1,1,0.77,0.7,0.54,0.2,750,3840,4590,4.72,29.75,59.99,1.04,Good day
208,2011-07-27,3,0,7,0,3,1,1,0.78,0.69,0.4,0.18,755,3901,4656,4.38,4.51,51.3,0.69,Good day
209,2011-07-28,3,0,7,0,4,1,1,0.78,0.74,0.58,0.18,606,3784,4390,3.56,39.74,48.84,0.99,Good day
210,2011-07-29,3,0,7,0,5,1,1,0.84,0.79,0.54,0.17,670,3176,3846,0.55,30.37,47.06,0.79,Good day
211,2011-07-30,3,0,7,0,6,0,1,0.8,0.73,0.47,0.17,1559,2916,4475,2.19,12.31,43.78,0.63,Good day
212,2011-07-31,3,0,7,0,0,0,1,0.81,0.73,0.48,0.16,1524,2778,4302,1.98,14.91,41.18,0.62,Good day
213,2011-08-01,3,0,8,0,1,1,1,0.77,0.7,0.55,0.16,729,3537,4266,4.72,32.08,37.21,0.83,Good day
214,2011-08-02,3,0,8,0,2,1,1,0.78,0.71,0.49,0.21,801,4044,4845,2.87,17.44,61.56,0.88,Good day
215,2011-08-03,3,0,8,0,3,1,2,0.73,0.68,0.66,0.14,467,3107,3574,10.12,57.87,25.99,1.14,Good day
216,2011-08-04,3,0,8,0,4,1,2,0.71,0.66,0.76,0.2,799,3777,4576,15.6,81.6,58.82,1.87,Good day
217,2011-08-05,3,0,8,0,5,1,1,0.71,0.66,0.63,0.18,1023,3843,4866,15.25,50.62,52.12,1.48,Good day
218,2011-08-06,3,0,8,0,6,0,2,0.72,0.68,0.76,0.23,1521,2773,4294,13.82,80.64,72.37,1.94,Good day
219,2011-08-07,3,0,8,0,0,0,1,0.74,0.72,0.75,0.2,1298,2487,3785,8.89,80.03,60.33,1.67,Good day
220,2011-08-08,3,0,8,0,1,1,1,0.76,0.7,0.59,0.19,846,3480,4326,5.68,42.48,56.98,1.16,Good day
221,2011-08-09,3,0,8,0,2,1,1,0.78,0.72,0.57,0.15,907,3695,4602,4.38,36.25,34.13,0.84,Good day
222,2011-08-10,3,0,8,0,3,1,1,0.77,0.68,0.42,0.2,884,3896,4780,5.34,7.11,59.99,0.83,Good day
223,2011-08-11,3,0,8,0,4,1,1,0.72,0.65,0.42,0.16,812,3980,4792,13.47,6.98,40.9,0.88,Good day
224,2011-08-12,3,0,8,0,5,1,1,0.71,0.65,0.42,0.13,1051,3854,4905,16.07,6.02,20.25,0.74,Good day
225,2011-08-13,3,0,8,0,6,0,2,0.69,0.65,0.73,0.21,1504,2646,4150,20.11,74.69,64.77,2.0,Good day
226,2011-08-14,3,0,8,0,0,0,2,0.68,0.62,0.82,0.22,1338,2482,3820,22.02,90.01,69.49,2.26,Good day
227,2011-08-15,3,0,8,0,1,1,1,0.67,0.62,0.71,0.21,775,3563,4338,23.19,70.86,63.41,2.04,Good day
228,2011-08-16,3,0,8,0,2,1,1,0.7,0.65,0.58,0.24,721,4004,4725,17.58,38.37,76.61,1.68,Good day
229,2011-08-17,3,0,8,0,3,1,1,0.72,0.67,0.58,0.14,668,4026,4694,11.97,37.35,30.23,1.03,Good day
230,2011-08-18,3,0,8,0,4,1,1,0.71,0.66,0.65,0.23,639,3166,3805,14.91,57.25,74.97,1.77,Good day
231,2011-08-19,3,0,8,0,5,1,2,0.68,0.63,0.72,0.14,797,3356,4153,20.31,73.6,27.77,1.62,Good day
232,2011-08-20,3,0,8,0,6,0,1,0.7,0.65,0.67,0.1,1914,3277,5191,18.13,61.29,11.49,1.27,Good day
233,2011-08-21,3,0,8,0,0,0,1,0.71,0.68,0.77,0.25,1249,2624,3873,15.25,83.99,80.3,2.1,Good day
234,2011-08-22,3,0,8,0,1,1,1,0.69,0.64,0.47,0.28,833,3925,4758,19.56,13.27,86.32,1.58,Good day
235,2011-08-23,3,0,8,0,2,1,1,0.64,0.61,0.46,0.15,1281,4614,5895,27.63,10.53,31.74,1.25,Good day
236,2011-08-24,3,0,8,0,3,1,1,0.67,0.63,0.6,0.25,949,4181,5130,22.3,45.28,81.53,1.94,Good day
237,2011-08-25,3,0,8,0,4,1,2,0.68,0.65,0.77,0.21,435,3107,3542,20.52,84.27,64.57,2.1,Good day
238,2011-08-26,3,0,8,0,5,1,1,0.7,0.66,0.76,0.08,768,3893,4661,17.78,82.49,6.7,1.43,Good day
239,2011-08-27,3,0,8,0,6,0,2,0.68,0.64,0.85,0.38,226,889,1115,21.41,93.84,97.95,2.56,Good day
240,2011-08-28,3,0,8,0,0,0,1,0.71,0.65,0.56,0.3,1415,2919,4334,16.55,34.06,91.38,1.75,Good day
241,2011-08-29,3,0,8,0,1,1,1,0.64,0.61,0.55,0.16,729,3905,4634,28.18,33.04,38.44,1.56,Good day
242,2011-08-30,3,0,8,0,2,1,1,0.64,0.59,0.55,0.13,775,4429,5204,27.84,31.6,19.84,1.35,Good day
243,2011-08-31,3,0,8,0,3,1,1,0.66,0.61,0.6,0.08,688,4370,5058,24.69,43.57,6.29,1.24,Good day
244,2011-09-01,3,0,9,0,4,1,1,0.66,0.61,0.64,0.14,783,4332,5115,25.24,53.21,29.07,1.58,Good day
245,2011-09-02,3,0,9,0,5,1,2,0.64,0.6,0.73,0.14,875,3852,4727,27.5,73.87,27.91,1.84,Good day
246,2011-09-03,3,0,9,0,6,0,1,0.67,0.63,0.72,0.19,1935,2549,4484,22.57,72.02,52.53,1.92,Good day
247,2011-09-04,3,0,9,0,0,0,1,0.71,0.67,0.74,0.21,2521,2419,4940,15.8,78.66,61.83,1.88,Good day
248,2011-09-05,3,0,9,1,1,0,2,0.67,0.63,0.79,0.21,1236,2115,3351,22.3,86.18,65.39,2.18,Good day
249,2011-09-06,3,0,9,0,2,1,3,0.54,0.52,0.89,0.34,204,2506,2710,44.12,96.58,95.21,3.24,Good day
250,2011-09-07,3,0,9,0,3,1,3,0.6,0.54,0.92,0.1,118,1878,1996,35.16,98.5,9.44,2.13,Good day
251,2011-09-08,3,0,9,0,4,1,3,0.63,0.56,0.94,0.19,153,1689,1842,29.55,99.32,57.18,2.45,Good day
252,2011-09-09,3,0,9,0,5,1,2,0.65,0.58,0.9,0.12,417,3127,3544,26.27,97.26,19.49,1.96,Good day
253,2011-09-10,3,0,9,0,6,0,1,0.66,0.61,0.75,0.15,1750,3595,5345,24.01,80.37,35.43,1.88,Good day
254,2011-09-11,3,0,9,0,0,0,1,0.65,0.61,0.71,0.12,1633,3413,5046,25.72,71.41,14.64,1.63,Good day
255,2011-09-12,3,0,9,0,1,1,1,0.64,0.6,0.69,0.09,690,4023,4713,27.36,65.8,7.25,1.55,Good day
256,2011-09-13,3,0,9,0,2,1,1,0.65,0.6,0.71,0.14,701,4062,4763,25.99,71.14,29.41,1.79,Good day
257,2011-09-14,3,0,9,0,3,1,1,0.67,0.63,0.7,0.17,647,4138,4785,22.3,67.58,42.54,1.77,Good day
258,2011-09-15,3,0,9,0,4,1,2,0.58,0.55,0.71,0.27,428,3231,3659,37.89,70.31,85.23,2.69,Good day
259,2011-09-16,3,0,9,0,5,1,2,0.47,0.46,0.59,0.16,742,4018,4760,53.42,41.86,40.63,2.43,Good day
260,2011-09-17,3,0,9,0,6,0,2,0.49,0.48,0.72,0.19,1434,3077,4511,50.75,72.5,55.4,2.8,Good day
261,2011-09-18,3,0,9,0,0,0,1,0.51,0.49,0.7,0.18,1353,2921,4274,48.97,66.89,48.97,2.63,Good day
262,2011-09-19,3,0,9,0,1,1,2,0.55,0.53,0.69,0.15,691,3848,4539,42.34,65.25,34.68,2.27,Good day
263,2011-09-20,3,0,9,0,2,1,2,0.56,0.53,0.88,0.13,438,3203,3641,40.49,96.03,25.44,2.43,Good day
264,2011-09-21,3,0,9,0,3,1,2,0.6,0.55,0.9,0.1,539,3813,4352,36.05,97.4,9.3,2.15,Good day
265,2011-09-22,3,0,9,0,4,1,2,0.63,0.55,0.9,0.13,555,4240,4795,30.44,97.54,21.48,2.1,Good day
266,2011-09-23,4,0,9,0,5,1,2,0.61,0.52,0.97,0.08,258,2137,2395,33.24,100.0,4.92,2.05,Good day
267,2011-09-24,4,0,9,0,6,0,2,0.61,0.56,0.86,0.08,1776,3647,5423,33.79,94.46,5.06,2.01,Good day
268,2011-09-25,4,0,9,0,0,0,2,0.63,0.57,0.84,0.05,1544,3466,5010,29.41,93.16,0.96,1.82,Good day
269,2011-09-26,4,0,9,0,1,1,2,0.65,0.59,0.85,0.11,684,3946,4630,26.74,93.57,13.0,1.87,Good day
270,2011-09-27,4,0,9,0,2,1,2,0.64,0.57,0.89,0.12,477,3643,4120,28.18,96.37,16.55,1.97,Good day
271,2011-09-28,4,0,9,0,3,1,2,0.64,0.58,0.85,0.15,480,3427,3907,29.0,93.71,32.97,2.14,Good day
272,2011-09-29,4,0,9,0,4,1,1,0.62,0.57,0.7,0.17,653,4186,4839,32.08,68.33,45.96,2.11,Good day
273,2011-09-30,4,0,9,0,5,1,1,0.56,0.54,0.65,0.21,830,4372,5202,39.6,54.99,62.11,2.36,Good day
274,2011-10-01,4,0,10,0,6,0,2,0.41,0.41,0.75,0.29,480,1949,2429,63.06,80.37,89.19,3.59,Normal day
275,2011-10-02,4,0,10,0,0,0,2,0.36,0.35,0.79,0.22,616,2302,2918,71.2,86.59,68.95,3.69,Normal day
276,2011-10-03,4,0,10,0,1,1,2,0.38,0.39,0.76,0.08,330,3240,3570,66.89,82.35,6.43,2.89,Good day
277,2011-10-04,4,0,10,0,2,1,1,0.48,0.47,0.71,0.21,486,3970,4456,51.64,70.59,61.7,2.87,Good day
278,2011-10-05,4,0,10,0,3,1,1,0.54,0.53,0.65,0.18,559,4267,4826,44.32,55.13,48.56,2.37,Good day
279,2011-10-06,4,0,10,0,4,1,1,0.49,0.48,0.62,0.13,639,4126,4765,50.55,48.43,25.44,2.26,Good day
280,2011-10-07,4,0,10,0,5,1,1,0.51,0.5,0.68,0.02,949,4036,4985,48.7,63.2,0.14,2.09,Good day
281,2011-10-08,4,0,10,0,6,0,1,0.52,0.51,0.7,0.05,2235,3174,5409,47.2,68.67,0.41,2.11,Good day
282,2011-10-09,4,0,10,0,0,0,1,0.54,0.52,0.73,0.06,2397,3114,5511,43.84,74.01,2.53,2.08,Good day
283,2011-10-10,4,0,10,1,1,0,1,0.57,0.54,0.73,0.04,1514,3603,5117,38.71,75.72,0.27,1.92,Good day
284,2011-10-11,4,0,10,0,2,1,2,0.57,0.55,0.81,0.14,667,3896,4563,39.12,88.65,30.1,2.36,Good day
285,2011-10-12,4,0,10,0,3,1,3,0.54,0.52,0.91,0.25,217,2199,2416,43.09,97.81,79.89,3.07,Good day
286,2011-10-13,4,0,10,0,4,1,2,0.59,0.55,0.9,0.14,290,2623,2913,36.66,97.13,28.86,2.36,Good day
287,2011-10-14,4,0,10,0,5,1,2,0.55,0.53,0.72,0.22,529,3115,3644,41.72,71.82,70.18,2.67,Good day
288,2011-10-15,4,0,10,0,6,0,1,0.51,0.5,0.48,0.26,1899,3318,5217,49.11,15.46,82.35,2.45,Good day
289,2011-10-16,4,0,10,0,0,0,1,0.51,0.5,0.49,0.28,1748,3293,5041,48.56,16.28,87.0,2.49,Good day
290,2011-10-17,4,0,10,0,1,1,1,0.53,0.51,0.58,0.18,713,3857,4570,44.87,38.65,47.61,2.21,Good day
291,2011-10-18,4,0,10,0,2,1,2,0.53,0.52,0.7,0.11,637,4111,4748,45.28,68.88,12.72,2.17,Good day
292,2011-10-19,4,0,10,0,3,1,3,0.54,0.51,0.9,0.24,254,2170,2424,43.5,96.99,78.93,3.06,Good day
293,2011-10-20,4,0,10,0,4,1,1,0.48,0.47,0.64,0.42,471,3724,4195,52.46,52.19,99.73,3.09,Good day
294,2011-10-21,4,0,10,0,5,1,1,0.43,0.42,0.57,0.22,676,3628,4304,60.05,37.14,68.4,2.86,Good day
295,2011-10-22,4,0,10,0,6,0,1,0.42,0.43,0.63,0.09,1499,2809,4308,60.94,50.34,8.48,2.42,Good day
296,2011-10-23,4,0,10,0,0,0,1,0.42,0.42,0.74,0.1,1619,2762,4381,61.15,78.11,9.99,2.72,Good day
297,2011-10-24,4,0,10,0,1,1,1,0.46,0.46,0.77,0.12,699,3488,4187,54.58,84.4,16.96,2.65,Good day
298,2011-10-25,4,0,10,0,2,1,1,0.47,0.46,0.62,0.17,695,3992,4687,53.08,49.11,41.86,2.5,Good day
299,2011-10-26,4,0,10,0,3,1,2,0.48,0.47,0.72,0.15,404,3490,3894,51.64,73.05,33.11,2.61,Good day
300,2011-10-27,4,0,10,0,4,1,2,0.47,0.46,0.81,0.2,240,2419,2659,53.21,89.47,58.96,3.08,Good day
301,2011-10-28,4,0,10,0,5,1,2,0.33,0.32,0.59,0.23,456,3291,3747,75.99,40.22,73.19,3.41,Good day
302,2011-10-29,4,0,10,0,6,0,3,0.25,0.23,0.88,0.35,57,570,627,90.9,96.17,96.58,4.65,Bad day
303,2011-10-30,4,0,10,0,0,0,1,0.32,0.32,0.62,0.18,885,2446,3331,78.8,49.45,48.22,3.34,Good day
304,2011-10-31,4,0,10,0,1,1,1,0.34,0.36,0.7,0.11,362,3307,3669,74.76,69.29,11.9,3.05,Good day
305,2011-11-01,4,0,11,0,2,1,1,0.4,0.4,0.68,0.14,410,3658,4068,64.3,63.06,25.85,2.82,Good day
306,2011-11-02,4,0,11,0,3,1,1,0.38,0.39,0.72,0.08,370,3816,4186,67.99,72.64,5.61,2.82,Good day
307,2011-11-03,4,0,11,0,4,1,1,0.41,0.41,0.7,0.14,318,3656,3974,63.41,69.08,26.4,2.86,Good day
308,2011-11-04,4,0,11,0,5,1,2,0.4,0.4,0.62,0.27,470,3576,4046,64.09,48.97,85.64,3.27,Good day
309,2011-11-05,4,0,11,0,6,0,1,0.33,0.32,0.52,0.19,1156,2770,3926,76.68,24.83,54.86,3.1,Good day
310,2011-11-06,4,0,11,0,0,0,1,0.35,0.36,0.73,0.09,952,2697,3649,72.44,76.13,8.28,3.02,Good day
311,2011-11-07,4,0,11,0,1,1,1,0.4,0.4,0.76,0.06,373,3662,4035,65.25,82.22,1.37,2.79,Good day
312,2011-11-08,4,0,11,0,2,1,1,0.41,0.41,0.72,0.07,376,3829,4205,63.41,73.19,3.42,2.67,Good day
313,2011-11-09,4,0,11,0,3,1,1,0.4,0.41,0.76,0.06,305,3804,4109,64.43,82.08,2.19,2.78,Good day
314,2011-11-10,4,0,11,0,4,1,2,0.38,0.37,0.81,0.19,190,2743,2933,67.72,89.6,55.06,3.48,Good day
315,2011-11-11,4,0,11,1,5,0,1,0.32,0.31,0.45,0.31,440,2928,3368,77.77,9.58,92.61,3.35,Good day
316,2011-11-12,4,0,11,0,6,0,1,0.36,0.36,0.55,0.21,1275,2792,4067,71.2,32.83,64.98,3.11,Good day
317,2011-11-13,4,0,11,0,0,0,1,0.44,0.43,0.46,0.28,1004,2713,3717,57.8,11.76,87.14,2.72,Good day
318,2011-11-14,4,0,11,0,1,1,1,0.53,0.52,0.59,0.31,595,3891,4486,45.96,40.56,91.79,2.7,Good day
319,2011-11-15,4,0,11,0,2,1,2,0.53,0.51,0.69,0.2,449,3746,4195,45.96,64.98,59.37,2.62,Good day
320,2011-11-16,4,0,11,0,3,1,3,0.46,0.45,0.93,0.14,145,1672,1817,56.02,99.18,26.68,2.94,Good day
321,2011-11-17,4,0,11,0,4,1,2,0.34,0.32,0.58,0.31,139,2914,3053,74.49,37.48,91.66,3.53,Normal day
322,2011-11-18,4,0,11,0,5,1,1,0.27,0.27,0.41,0.17,245,3147,3392,87.28,5.54,43.57,3.11,Good day
323,2011-11-19,4,0,11,0,6,0,1,0.33,0.32,0.5,0.22,943,2720,3663,76.4,20.52,70.38,3.2,Good day
324,2011-11-20,4,0,11,0,0,0,2,0.46,0.46,0.68,0.19,787,2733,3520,54.58,63.41,52.8,2.8,Good day
325,2011-11-21,4,0,11,0,1,1,3,0.45,0.45,0.91,0.14,220,2545,2765,56.77,98.08,27.09,2.95,Good day
326,2011-11-22,4,0,11,0,2,1,3,0.42,0.42,0.96,0.12,69,1538,1607,61.42,99.73,16.96,3.01,Good day
327,2011-11-23,4,0,11,0,3,1,2,0.44,0.43,0.76,0.34,112,2454,2566,57.8,81.87,94.12,3.49,Good day
328,2011-11-24,4,0,11,1,4,0,1,0.37,0.37,0.55,0.17,560,935,1495,69.02,31.81,42.68,2.82,Good day
329,2011-11-25,4,0,11,0,5,1,1,0.38,0.38,0.64,0.1,1095,1697,2792,68.6,54.1,9.71,2.7,Good day
330,2011-11-26,4,0,11,0,6,0,1,0.38,0.39,0.68,0.07,1249,1819,3068,68.4,62.52,3.28,2.71,Good day
331,2011-11-27,4,0,11,0,0,0,1,0.46,0.46,0.7,0.21,810,2261,3071,55.27,68.13,63.41,2.97,Good day
332,2011-11-28,4,0,11,0,1,1,1,0.5,0.49,0.74,0.14,253,3614,3867,49.52,78.8,29.55,2.57,Good day
333,2011-11-29,4,0,11,0,2,1,2,0.46,0.45,0.83,0.26,96,2818,2914,55.61,91.38,82.49,3.41,Good day
334,2011-11-30,4,0,11,0,3,1,1,0.32,0.31,0.61,0.27,188,3425,3613,77.43,46.44,85.36,3.64,Normal day
335,2011-12-01,4,0,12,0,4,1,1,0.31,0.31,0.52,0.22,182,3545,3727,80.71,25.92,67.92,3.36,Good day
336,2011-12-02,4,0,12,0,5,1,1,0.31,0.33,0.63,0.1,268,3672,3940,80.3,49.93,10.4,3.01,Good day
337,2011-12-03,4,0,12,0,6,0,1,0.3,0.31,0.61,0.1,706,2908,3614,81.94,46.1,9.17,3.01,Good day
338,2011-12-04,4,0,12,0,0,0,1,0.33,0.35,0.78,0.08,634,2851,3485,75.99,84.95,6.57,3.19,Good day
339,2011-12-05,4,0,12,0,1,1,2,0.39,0.39,0.83,0.06,233,3578,3811,66.42,90.97,2.33,2.93,Good day
340,2011-12-06,4,0,12,0,2,1,3,0.46,0.46,0.95,0.23,126,2468,2594,54.86,99.59,74.42,3.39,Good day
341,2011-12-07,4,0,12,0,3,1,3,0.41,0.4,0.97,0.27,50,655,705,63.06,99.86,84.06,3.73,Normal day
342,2011-12-08,4,0,12,0,4,1,1,0.27,0.26,0.58,0.24,150,3172,3322,88.65,38.85,78.11,3.83,Normal day
343,2011-12-09,4,0,12,0,5,1,1,0.29,0.32,0.7,0.08,261,3359,3620,84.06,67.03,5.75,3.25,Good day
344,2011-12-10,4,0,12,0,6,0,1,0.28,0.27,0.51,0.23,502,2688,3190,86.87,22.78,75.1,3.58,Normal day
345,2011-12-11,4,0,12,0,0,0,1,0.22,0.25,0.49,0.07,377,2366,2743,94.05,17.1,3.01,3.02,Good day
346,2011-12-12,4,0,12,0,1,1,1,0.24,0.27,0.67,0.06,143,3167,3310,92.27,60.47,2.53,3.4,Good day
347,2011-12-13,4,0,12,0,2,1,1,0.28,0.3,0.59,0.14,155,3368,3523,85.36,41.45,28.11,3.26,Good day
348,2011-12-14,4,0,12,0,3,1,2,0.32,0.34,0.66,0.06,178,3562,3740,79.34,58.69,1.92,2.99,Good day
349,2011-12-15,4,0,12,0,4,1,2,0.42,0.41,0.63,0.27,181,3528,3709,60.94,51.5,84.68,3.19,Good day
350,2011-12-16,4,0,12,0,5,1,2,0.38,0.36,0.5,0.26,178,3399,3577,68.6,20.25,82.9,3.09,Good day
351,2011-12-17,4,0,12,0,6,0,2,0.26,0.25,0.56,0.24,275,2464,2739,90.22,33.79,78.8,3.83,Normal day
352,2011-12-18,4,0,12,0,0,0,1,0.24,0.25,0.59,0.17,220,2211,2431,92.27,40.36,44.6,3.62,Normal day
353,2011-12-19,4,0,12,0,1,1,1,0.28,0.28,0.64,0.17,260,3143,3403,86.73,52.8,46.31,3.59,Normal day
354,2011-12-20,4,0,12,0,2,1,2,0.39,0.4,0.6,0.06,216,3534,3750,66.42,43.09,2.05,2.44,Good day
355,2011-12-21,1,0,12,0,3,1,2,0.43,0.43,0.86,0.22,107,2553,2660,59.92,94.12,68.54,3.42,Good day
356,2011-12-22,1,0,12,0,4,1,2,0.42,0.43,0.76,0.05,227,2841,3068,60.74,81.6,0.82,2.65,Good day
357,2011-12-23,1,0,12,0,5,1,1,0.37,0.38,0.69,0.27,163,2046,2209,69.02,64.09,85.91,3.57,Normal day
358,2011-12-24,1,0,12,0,6,0,1,0.3,0.3,0.54,0.19,155,856,1011,81.46,30.37,55.81,3.31,Good day
359,2011-12-25,1,0,12,0,0,0,1,0.27,0.28,0.68,0.16,303,451,754,87.0,62.38,36.39,3.6,Normal day
360,2011-12-26,1,0,12,1,1,0,1,0.32,0.32,0.51,0.24,430,887,1317,78.11,22.3,77.84,3.34,Good day
361,2011-12-27,1,0,12,0,2,1,2,0.32,0.33,0.76,0.19,103,1059,1162,77.43,82.97,54.58,3.7,Normal day
362,2011-12-28,1,0,12,0,3,1,1,0.3,0.28,0.5,0.29,255,2047,2302,82.08,21.07,89.47,3.57,Normal day
363,2011-12-29,1,0,12,0,4,1,1,0.25,0.26,0.57,0.12,254,2169,2423,91.52,37.14,17.37,3.29,Good day
364,2011-12-30,1,0,12,0,5,1,1,0.31,0.32,0.64,0.13,491,2508,2999,80.85,52.46,24.76,3.2,Good day
365,2011-12-31,1,0,12,0,6,0,1,0.41,0.41,0.62,0.22,665,1820,2485,63.06,47.33,67.72,3.04,Good day
366,2012-01-01,1,1,1,0,0,0,1,0.37,0.38,0.69,0.19,686,1608,2294,69.43,65.94,56.77,3.31,Good day
367,2012-01-02,1,1,1,1,1,0,1,0.27,0.25,0.38,0.33,244,1707,1951,87.55,3.15,93.84,3.6,Normal day
368,2012-01-03,1,1,1,0,2,1,1,0.15,0.13,0.44,0.37,89,2147,2236,98.91,8.96,97.54,4.03,Normal day
369,2012-01-04,1,1,1,0,3,1,2,0.11,0.12,0.41,0.18,95,2273,2368,99.59,5.88,52.26,3.57,Normal day
370,2012-01-05,1,1,1,0,4,1,1,0.27,0.28,0.52,0.13,140,3132,3272,88.65,25.72,22.44,3.14,Good day
371,2012-01-06,1,1,1,0,5,1,1,0.33,0.34,0.54,0.17,307,3791,4098,75.51,30.1,42.82,2.99,Good day
372,2012-01-07,1,1,1,0,6,0,1,0.39,0.39,0.53,0.17,1070,3451,4521,65.53,27.09,47.47,2.71,Good day
373,2012-01-08,1,1,1,0,0,0,1,0.34,0.34,0.46,0.19,599,2826,3425,74.97,12.18,56.63,2.94,Good day
374,2012-01-09,1,1,1,0,1,1,2,0.22,0.25,0.7,0.1,106,2270,2376,93.23,68.88,9.85,3.58,Normal day
375,2012-01-10,1,1,1,0,2,1,1,0.31,0.32,0.65,0.19,173,3425,3598,80.98,54.58,53.9,3.51,Normal day
376,2012-01-11,1,1,1,0,3,1,2,0.27,0.28,0.85,0.13,92,2085,2177,87.28,93.43,22.91,3.78,Normal day
377,2012-01-12,1,1,1,0,4,1,2,0.38,0.38,0.8,0.18,269,3828,4097,67.31,87.69,49.93,3.4,Good day
378,2012-01-13,1,1,1,0,5,1,1,0.27,0.25,0.51,0.38,174,3040,3214,87.28,22.78,98.22,3.83,Normal day
379,2012-01-14,1,1,1,0,6,0,1,0.18,0.18,0.46,0.19,333,2160,2493,97.26,11.49,53.35,3.57,Normal day
380,2012-01-15,1,1,1,0,0,0,1,0.17,0.16,0.42,0.25,284,2027,2311,98.08,6.29,81.12,3.82,Normal day
381,2012-01-16,1,1,1,1,1,0,1,0.19,0.19,0.52,0.23,217,2081,2298,96.51,25.44,74.28,3.89,Normal day
382,2012-01-17,1,1,1,0,2,1,2,0.37,0.36,0.72,0.35,127,2808,2935,69.22,71.68,96.17,3.76,Normal day
383,2012-01-18,1,1,1,0,3,1,1,0.3,0.28,0.44,0.42,109,3267,3376,81.19,9.17,99.32,3.52,Normal day
384,2012-01-19,1,1,1,0,4,1,1,0.19,0.19,0.5,0.22,130,3162,3292,96.51,19.56,67.92,3.77,Normal day
385,2012-01-20,1,1,1,0,5,1,2,0.22,0.22,0.45,0.2,115,3048,3163,94.46,10.05,60.6,3.54,Normal day
386,2012-01-21,1,1,1,0,6,0,2,0.17,0.17,0.83,0.22,67,1234,1301,97.67,91.59,69.63,4.54,Bad day
387,2012-01-22,1,1,1,0,0,0,2,0.16,0.16,0.8,0.2,196,1781,1977,98.5,87.14,59.51,4.42,Bad day
388,2012-01-23,1,1,1,0,1,1,2,0.22,0.24,0.91,0.11,145,2287,2432,94.25,98.29,13.41,3.94,Normal day
389,2012-01-24,1,1,1,0,2,1,1,0.34,0.35,0.84,0.12,439,3900,4339,74.15,92.2,19.15,3.34,Good day
390,2012-01-25,1,1,1,0,3,1,1,0.29,0.29,0.64,0.16,467,3803,4270,83.31,54.1,39.06,3.43,Good day
391,2012-01-26,1,1,1,0,4,1,2,0.34,0.36,0.77,0.07,244,3831,4075,74.49,83.86,4.1,3.11,Good day
392,2012-01-27,1,1,1,0,5,1,2,0.42,0.42,0.74,0.34,269,3187,3456,60.47,78.11,94.73,3.54,Normal day
393,2012-01-28,1,1,1,0,6,0,1,0.32,0.33,0.54,0.21,775,3248,4023,80.03,30.78,64.43,3.35,Good day
394,2012-01-29,1,1,1,0,0,0,1,0.28,0.27,0.31,0.24,558,2685,3243,85.36,1.09,77.98,3.35,Good day
395,2012-01-30,1,1,1,0,1,1,1,0.27,0.26,0.4,0.22,126,3498,3624,87.82,4.31,66.55,3.34,Good day
396,2012-01-31,1,1,1,0,2,1,1,0.39,0.38,0.42,0.26,324,4185,4509,65.94,6.16,83.17,2.87,Good day
397,2012-02-01,1,1,2,0,3,1,1,0.47,0.47,0.51,0.19,304,4275,4579,53.42,23.19,55.06,2.39,Good day
398,2012-02-02,1,1,2,0,4,1,2,0.4,0.4,0.67,0.19,190,3571,3761,64.64,60.94,53.49,3.08,Good day
399,2012-02-03,1,1,2,0,5,1,1,0.31,0.31,0.53,0.18,310,3841,4151,80.51,26.27,49.11,3.17,Good day
400,2012-02-04,1,1,2,0,6,0,2,0.26,0.27,0.78,0.12,384,2448,2832,89.4,85.5,18.13,3.72,Normal day
401,2012-02-05,1,1,2,0,0,0,2,0.27,0.26,0.69,0.18,318,2629,2947,88.65,64.71,47.88,3.79,Normal day
402,2012-02-06,1,1,2,0,1,1,1,0.28,0.3,0.62,0.15,206,3578,3784,85.09,48.84,35.7,3.4,Good day
403,2012-02-07,1,1,2,0,2,1,1,0.35,0.36,0.5,0.15,199,4176,4375,71.55,19.29,32.28,2.66,Good day
404,2012-02-08,1,1,2,0,3,1,2,0.26,0.27,0.72,0.13,109,2693,2802,90.42,73.6,24.42,3.69,Normal day
405,2012-02-09,1,1,2,0,4,1,1,0.26,0.26,0.56,0.19,163,3667,3830,89.06,34.2,57.87,3.59,Normal day
406,2012-02-10,1,1,2,0,5,1,2,0.28,0.29,0.54,0.12,227,3604,3831,85.98,29.41,15.73,3.03,Good day
407,2012-02-11,1,1,2,0,6,0,3,0.22,0.21,0.73,0.29,192,1977,2169,93.23,75.24,88.37,4.43,Bad day
408,2012-02-12,1,1,2,0,0,0,1,0.13,0.1,0.46,0.41,73,1456,1529,99.45,12.04,99.04,4.09,Normal day
409,2012-02-13,1,1,2,0,1,1,1,0.22,0.23,0.41,0.17,94,3328,3422,93.64,5.75,42.41,3.29,Good day
410,2012-02-14,1,1,2,0,2,1,2,0.32,0.33,0.51,0.14,135,3787,3922,78.8,23.46,28.66,2.89,Good day
411,2012-02-15,1,1,2,0,3,1,1,0.35,0.35,0.53,0.18,141,4028,4169,72.44,26.95,50.48,2.95,Good day
412,2012-02-16,1,1,2,0,4,1,2,0.32,0.33,0.75,0.09,74,2931,3005,79.62,80.03,8.07,3.27,Good day
413,2012-02-17,1,1,2,0,5,1,1,0.34,0.35,0.63,0.21,349,3805,4154,73.73,51.71,61.42,3.34,Good day
414,2012-02-18,1,1,2,0,6,0,1,0.35,0.36,0.53,0.19,1435,2883,4318,72.91,27.43,56.5,3.03,Good day
415,2012-02-19,1,1,2,0,0,0,2,0.28,0.27,0.52,0.25,618,2071,2689,86.25,24.21,81.67,3.65,Normal day
416,2012-02-20,1,1,2,1,1,0,1,0.28,0.27,0.51,0.23,502,2627,3129,86.25,22.98,72.91,3.55,Normal day
417,2012-02-21,1,1,2,0,2,1,1,0.29,0.3,0.59,0.21,163,3614,3777,84.4,42.68,61.29,3.57,Normal day
418,2012-02-22,1,1,2,0,3,1,1,0.4,0.39,0.57,0.23,394,4379,4773,65.12,34.82,75.51,3.06,Good day
419,2012-02-23,1,1,2,0,4,1,1,0.45,0.44,0.55,0.19,516,4546,5062,56.36,33.04,56.09,2.58,Good day
420,2012-02-24,1,1,2,0,5,1,2,0.41,0.41,0.74,0.24,246,3241,3487,63.61,77.15,77.43,3.45,Good day
421,2012-02-25,1,1,2,0,6,0,1,0.29,0.26,0.4,0.42,317,2415,2732,84.06,3.63,99.59,3.55,Normal day
422,2012-02-26,1,1,2,0,0,0,1,0.28,0.27,0.41,0.21,515,2874,3389,86.46,5.54,61.15,3.26,Good day
423,2012-02-27,1,1,2,0,1,1,1,0.37,0.36,0.49,0.27,253,4069,4322,69.77,17.24,84.54,3.11,Good day
424,2012-02-28,1,1,2,0,2,1,1,0.36,0.35,0.4,0.19,229,4134,4363,70.86,3.63,57.46,2.74,Good day
425,2012-02-29,1,1,2,0,3,1,2,0.34,0.35,0.8,0.18,65,1769,1834,73.19,87.82,49.38,3.57,Normal day
426,2012-03-01,1,1,3,0,4,1,1,0.49,0.48,0.62,0.23,325,4665,4990,51.16,47.2,71.55,2.72,Good day
427,2012-03-02,1,1,3,0,5,1,2,0.35,0.36,0.66,0.14,246,2948,3194,71.82,57.73,30.85,3.04,Good day
428,2012-03-03,1,1,3,0,6,0,2,0.41,0.41,0.62,0.16,956,3110,4066,62.11,48.56,39.33,2.74,Good day
429,2012-03-04,1,1,3,0,0,0,1,0.33,0.3,0.4,0.33,710,2713,3423,76.95,4.65,93.98,3.29,Good day
430,2012-03-05,1,1,3,0,1,1,1,0.24,0.24,0.51,0.23,203,3130,3333,92.0,21.96,72.64,3.71,Normal day
431,2012-03-06,1,1,3,0,2,1,1,0.26,0.26,0.46,0.2,221,3735,3956,90.22,10.94,60.19,3.42,Good day
432,2012-03-07,1,1,3,0,3,1,1,0.4,0.39,0.51,0.35,432,4484,4916,63.89,23.87,95.49,3.11,Good day
433,2012-03-08,1,1,3,0,4,1,1,0.53,0.52,0.57,0.44,486,4896,5382,46.51,34.61,99.86,2.74,Good day
434,2012-03-09,1,1,3,0,5,1,2,0.41,0.4,0.41,0.41,447,4122,4569,62.72,4.99,99.18,2.92,Good day
435,2012-03-10,1,1,3,0,6,0,1,0.29,0.28,0.35,0.23,968,3150,4118,84.54,1.92,71.07,3.27,Good day
436,2012-03-11,1,1,3,0,0,0,1,0.36,0.36,0.48,0.22,1658,3253,4911,70.59,14.09,69.36,2.95,Good day
437,2012-03-12,1,1,3,0,1,1,1,0.47,0.46,0.49,0.21,838,4460,5298,53.97,16.76,62.72,2.41,Good day
438,2012-03-13,1,1,3,0,2,1,1,0.56,0.54,0.62,0.24,762,5085,5847,39.26,47.61,77.02,2.42,Good day
439,2012-03-14,1,1,3,0,3,1,1,0.57,0.55,0.51,0.12,997,5315,6312,38.58,22.5,14.84,1.53,Good day
440,2012-03-15,1,1,3,0,4,1,1,0.56,0.53,0.58,0.15,1005,5187,6192,41.04,38.65,33.65,1.95,Good day
441,2012-03-16,1,1,3,0,5,1,2,0.44,0.44,0.84,0.11,548,3830,4378,58.96,92.89,13.95,2.84,Good day
442,2012-03-17,1,1,3,0,6,0,2,0.51,0.51,0.76,0.11,3155,4681,7836,48.02,80.98,13.27,2.38,Good day
443,2012-03-18,1,1,3,0,0,0,2,0.47,0.46,0.81,0.13,2207,3685,5892,52.8,88.85,21.07,2.68,Good day
444,2012-03-19,1,1,3,0,1,1,1,0.55,0.53,0.73,0.16,982,5171,6153,42.82,74.28,39.67,2.42,Good day
445,2012-03-20,1,1,3,0,2,1,1,0.56,0.54,0.81,0.12,1051,5042,6093,40.77,88.51,17.92,2.29,Good day
446,2012-03-21,2,1,3,0,3,1,2,0.53,0.51,0.82,0.09,1122,5108,6230,45.55,90.42,7.39,2.34,Good day
447,2012-03-22,2,1,3,0,4,1,1,0.55,0.53,0.83,0.12,1334,5537,6871,41.31,91.59,16.14,2.32,Good day
448,2012-03-23,2,1,3,0,5,1,2,0.6,0.57,0.69,0.12,2469,5893,8362,34.75,66.42,15.32,1.86,Good day
449,2012-03-24,2,1,3,0,6,0,2,0.5,0.49,0.89,0.19,1033,2339,3372,49.73,96.37,57.32,3.03,Good day
450,2012-03-25,2,1,3,0,0,0,2,0.44,0.44,0.88,0.22,1532,3464,4996,58.48,95.9,68.19,3.4,Good day
451,2012-03-26,2,1,3,0,1,1,1,0.45,0.44,0.48,0.39,795,4763,5558,57.32,14.23,98.5,2.85,Good day
452,2012-03-27,2,1,3,0,2,1,1,0.32,0.32,0.29,0.19,531,4571,5102,77.98,0.68,53.69,2.88,Good day
453,2012-03-28,2,1,3,0,3,1,1,0.48,0.47,0.48,0.29,674,5024,5698,51.64,15.05,88.92,2.59,Good day
454,2012-03-29,2,1,3,0,4,1,1,0.49,0.48,0.44,0.32,834,5299,6133,50.55,8.76,92.89,2.53,Good day
455,2012-03-30,2,1,3,0,5,1,2,0.37,0.38,0.58,0.14,796,4663,5459,69.43,39.26,27.36,2.75,Good day
456,2012-03-31,2,1,3,0,6,0,2,0.42,0.42,0.74,0.25,2301,3934,6235,60.6,77.36,80.92,3.4,Good day
457,2012-04-01,2,1,4,0,0,0,2,0.43,0.42,0.68,0.17,2347,3694,6041,60.33,61.49,45.83,2.88,Good day
458,2012-04-02,2,1,4,0,1,1,1,0.43,0.43,0.5,0.31,1208,4728,5936,59.51,21.48,92.2,2.92,Good day
459,2012-04-03,2,1,4,0,2,1,1,0.47,0.46,0.4,0.1,1348,5424,6772,53.97,3.97,10.12,1.76,Good day
460,2012-04-04,2,1,4,0,3,1,1,0.54,0.53,0.47,0.18,1058,5378,6436,43.64,13.13,50.14,1.94,Good day
461,2012-04-05,2,1,4,0,4,1,1,0.44,0.43,0.37,0.22,1192,5265,6457,59.3,2.6,67.44,2.48,Good day
462,2012-04-06,2,1,4,0,5,1,1,0.4,0.39,0.38,0.3,1807,4653,6460,64.09,2.87,90.56,2.86,Good day
463,2012-04-07,2,1,4,0,6,0,1,0.44,0.43,0.25,0.27,3252,3605,6857,58.48,0.41,86.05,2.62,Good day
464,2012-04-08,2,1,4,0,0,0,1,0.5,0.49,0.28,0.23,2230,2939,5169,49.93,0.55,74.56,2.25,Good day
465,2012-04-09,2,1,4,0,1,1,1,0.49,0.48,0.32,0.36,905,4680,5585,50.89,1.5,96.99,2.51,Good day
466,2012-04-10,2,1,4,0,2,1,1,0.45,0.44,0.44,0.25,819,5099,5918,57.05,7.8,80.44,2.59,Good day
467,2012-04-11,2,1,4,0,3,1,1,0.35,0.34,0.47,0.3,482,4380,4862,72.23,13.0,89.6,3.19,Good day
468,2012-04-12,2,1,4,0,4,1,1,0.4,0.39,0.47,0.29,663,4746,5409,64.84,12.45,88.65,2.96,Good day
469,2012-04-13,2,1,4,0,5,1,1,0.44,0.43,0.41,0.16,1252,5146,6398,57.46,5.34,36.59,2.14,Good day
470,2012-04-14,2,1,4,0,6,0,1,0.5,0.49,0.5,0.19,2795,4665,7460,50.34,20.66,56.22,2.28,Good day
471,2012-04-15,2,1,4,0,0,0,1,0.61,0.57,0.51,0.23,2846,4286,7132,33.79,23.19,70.79,1.95,Good day
472,2012-04-16,2,1,4,1,1,0,1,0.66,0.61,0.56,0.28,1198,5172,6370,23.39,33.93,87.82,1.92,Good day
473,2012-04-17,2,1,4,0,2,1,1,0.61,0.6,0.39,0.27,989,5702,6691,33.45,3.28,85.77,1.89,Good day
474,2012-04-18,2,1,4,0,3,1,2,0.46,0.46,0.57,0.17,347,4020,4367,54.58,35.57,43.09,2.42,Good day
475,2012-04-19,2,1,4,0,4,1,1,0.5,0.49,0.61,0.07,846,5719,6565,50.14,45.96,2.87,1.99,Good day
476,2012-04-20,2,1,4,0,5,1,1,0.53,0.52,0.69,0.15,1340,5950,7290,46.72,66.69,33.24,2.4,Good day
477,2012-04-21,2,1,4,0,6,0,1,0.57,0.54,0.68,0.28,2541,4083,6624,38.85,62.79,87.55,2.67,Good day
478,2012-04-22,2,1,4,0,0,0,3,0.4,0.39,0.84,0.34,120,907,1027,64.98,92.0,95.35,3.82,Normal day
479,2012-04-23,2,1,4,0,1,1,2,0.32,0.3,0.77,0.3,195,3019,3214,78.32,83.45,90.9,4.09,Normal day
480,2012-04-24,2,1,4,0,2,1,1,0.41,0.41,0.45,0.25,518,5115,5633,62.38,10.4,80.57,2.78,Good day
481,2012-04-25,2,1,4,0,3,1,1,0.48,0.47,0.43,0.12,655,5541,6196,52.26,7.39,16.96,1.81,Good day
482,2012-04-26,2,1,4,0,4,1,2,0.5,0.48,0.76,0.18,475,4551,5026,50.14,81.19,48.43,2.8,Good day
483,2012-04-27,2,1,4,0,5,1,1,0.46,0.45,0.4,0.35,1014,5219,6233,55.81,4.31,95.76,2.68,Good day
484,2012-04-28,2,1,4,0,6,0,2,0.38,0.38,0.49,0.13,1120,3100,4220,68.13,16.96,22.16,2.44,Good day
485,2012-04-29,2,1,4,0,0,0,1,0.46,0.45,0.59,0.12,2229,4075,6304,55.61,40.56,15.53,2.23,Good day
486,2012-04-30,2,1,4,0,1,1,2,0.46,0.46,0.57,0.17,665,4907,5572,54.24,35.98,45.14,2.44,Good day
487,2012-05-01,2,1,5,0,2,1,2,0.61,0.58,0.66,0.16,653,5087,5740,32.56,58.34,36.94,1.93,Good day
488,2012-05-02,2,1,5,0,3,1,1,0.56,0.54,0.8,0.14,667,5502,6169,39.6,87.28,27.22,2.33,Good day
489,2012-05-03,2,1,5,0,4,1,2,0.56,0.54,0.77,0.13,764,5657,6421,40.9,83.72,24.21,2.31,Good day
490,2012-05-04,2,1,5,0,5,1,1,0.63,0.59,0.74,0.16,1069,5227,6296,30.64,76.47,39.95,2.08,Good day
491,2012-05-05,2,1,5,0,6,0,2,0.62,0.58,0.76,0.15,2496,4387,6883,31.12,81.19,35.23,2.1,Good day
492,2012-05-06,2,1,5,0,0,0,2,0.56,0.55,0.74,0.15,2135,4224,6359,40.15,77.7,33.38,2.32,Good day
493,2012-05-07,2,1,5,0,1,1,2,0.54,0.53,0.66,0.23,1008,5265,6273,44.46,58.89,73.6,2.66,Good day
494,2012-05-08,2,1,5,0,2,1,2,0.58,0.56,0.69,0.3,738,4990,5728,37.28,63.89,90.01,2.66,Good day
495,2012-05-09,2,1,5,0,3,1,2,0.57,0.55,0.74,0.22,620,4097,4717,38.17,79.07,66.89,2.6,Good day
496,2012-05-10,2,1,5,0,4,1,1,0.51,0.49,0.55,0.31,1026,5546,6572,49.32,32.56,92.48,2.73,Good day
497,2012-05-11,2,1,5,0,5,1,1,0.53,0.52,0.36,0.24,1319,5711,7030,45.01,2.33,76.81,2.14,Good day
498,2012-05-12,2,1,5,0,6,0,1,0.56,0.54,0.48,0.12,2622,4807,7429,39.6,14.77,18.74,1.52,Good day
499,2012-05-13,2,1,5,0,0,0,1,0.61,0.59,0.58,0.23,2172,3946,6118,32.76,37.62,70.59,2.06,Good day
500,2012-05-14,2,1,5,0,1,1,2,0.57,0.55,0.79,0.21,342,2501,2843,38.37,86.05,65.25,2.66,Good day
501,2012-05-15,2,1,5,0,2,1,2,0.61,0.58,0.79,0.15,625,4490,5115,32.97,87.0,32.42,2.18,Good day
502,2012-05-16,2,1,5,0,3,1,1,0.64,0.6,0.7,0.12,991,6433,7424,28.18,67.99,18.54,1.71,Good day
503,2012-05-17,2,1,5,0,4,1,1,0.59,0.57,0.52,0.23,1242,6142,7384,36.25,25.1,73.05,2.07,Good day
504,2012-05-18,2,1,5,0,5,1,1,0.56,0.55,0.52,0.14,1521,6118,7639,39.6,25.58,26.4,1.71,Good day
505,2012-05-19,2,1,5,0,6,0,1,0.6,0.57,0.46,0.08,3410,4884,8294,34.88,10.74,6.84,1.22,Good day
506,2012-05-20,2,1,5,0,0,0,1,0.62,0.58,0.53,0.25,2704,4425,7129,31.33,26.74,82.08,2.03,Good day
507,2012-05-21,2,1,5,0,1,1,2,0.6,0.57,0.81,0.23,630,3729,4359,35.43,89.33,74.83,2.7,Good day
508,2012-05-22,2,1,5,0,2,1,2,0.62,0.58,0.77,0.12,819,5254,6073,32.35,83.31,16.35,1.97,Good day
509,2012-05-23,2,1,5,0,3,1,2,0.62,0.58,0.77,0.1,766,4494,5260,31.12,84.54,10.88,1.89,Good day
510,2012-05-24,2,1,5,0,4,1,1,0.66,0.61,0.72,0.17,1059,5711,6770,25.24,72.02,46.31,1.94,Good day
511,2012-05-25,2,1,5,0,5,1,1,0.68,0.63,0.75,0.14,1417,5317,6734,21.41,79.34,28.11,1.72,Good day
512,2012-05-26,2,1,5,0,6,0,1,0.69,0.64,0.73,0.2,2855,3681,6536,19.29,75.38,59.1,1.92,Good day
513,2012-05-27,2,1,5,0,0,0,1,0.69,0.64,0.7,0.22,3283,3308,6591,19.7,67.58,66.21,1.93,Good day
514,2012-05-28,2,1,5,1,1,0,1,0.71,0.68,0.68,0.2,2557,3486,6043,14.77,61.49,58.55,1.64,Good day
515,2012-05-29,2,1,5,0,2,1,1,0.72,0.67,0.68,0.3,880,4863,5743,12.24,63.41,89.88,1.9,Good day
516,2012-05-30,2,1,5,0,3,1,2,0.66,0.61,0.67,0.13,745,6110,6855,24.69,60.19,24.62,1.59,Good day
517,2012-05-31,2,1,5,0,4,1,1,0.68,0.63,0.49,0.2,1100,6238,7338,21.41,18.13,58.14,1.4,Good day
518,2012-06-01,2,1,6,0,5,1,2,0.65,0.61,0.76,0.24,533,3594,4127,25.44,80.85,77.29,2.34,Good day
519,2012-06-02,2,1,6,0,6,0,1,0.58,0.57,0.55,0.19,2795,5325,8120,37.0,31.81,52.94,1.96,Good day
520,2012-06-03,2,1,6,0,0,0,1,0.6,0.58,0.49,0.18,2494,5147,7641,34.47,18.33,51.57,1.73,Good day
521,2012-06-04,2,1,6,0,1,1,1,0.6,0.58,0.49,0.28,1071,5927,6998,35.57,16.42,87.96,2.11,Good day
522,2012-06-05,2,1,6,0,2,1,2,0.54,0.53,0.61,0.21,968,6033,7001,43.84,46.44,64.02,2.42,Good day
523,2012-06-06,2,1,6,0,3,1,1,0.55,0.54,0.61,0.08,1027,6028,7055,41.31,45.83,4.65,1.74,Good day
524,2012-06-07,2,1,6,0,4,1,1,0.6,0.57,0.57,0.16,1038,6456,7494,34.47,34.4,37.55,1.75,Good day
525,2012-06-08,2,1,6,0,5,1,1,0.65,0.6,0.47,0.18,1488,6248,7736,26.74,12.72,47.74,1.41,Good day
526,2012-06-09,2,1,6,0,6,0,1,0.71,0.65,0.44,0.14,2708,4790,7498,15.25,8.21,30.64,0.85,Good day
527,2012-06-10,2,1,6,0,0,0,1,0.73,0.66,0.54,0.13,2224,4374,6598,11.08,28.86,24.42,0.87,Good day
528,2012-06-11,2,1,6,0,1,1,2,0.72,0.66,0.59,0.21,1017,5647,6664,12.72,40.9,62.72,1.42,Good day
529,2012-06-12,2,1,6,0,2,1,2,0.65,0.6,0.83,0.21,477,4495,4972,25.72,91.79,65.94,2.35,Good day
530,2012-06-13,2,1,6,0,3,1,1,0.66,0.61,0.58,0.34,1173,6248,7421,24.97,39.53,94.94,2.09,Good day
531,2012-06-14,2,1,6,0,4,1,1,0.65,0.62,0.57,0.25,1180,6183,7363,27.15,35.7,81.94,1.99,Good day
532,2012-06-15,2,1,6,0,5,1,1,0.64,0.6,0.59,0.18,1563,6102,7665,27.84,41.18,48.22,1.73,Good day
533,2012-06-16,2,1,6,0,6,0,1,0.63,0.59,0.5,0.17,2963,4739,7702,29.96,21.27,42.13,1.53,Good day
534,2012-06-17,2,1,6,0,0,0,1,0.59,0.57,0.6,0.14,2634,4344,6978,36.39,43.78,30.85,1.84,Good day
535,2012-06-18,2,1,6,0,1,1,2,0.57,0.54,0.78,0.17,653,4446,5099,38.99,85.36,47.2,2.5,Good day
536,2012-06-19,2,1,6,0,2,1,1,0.69,0.65,0.69,0.15,968,5857,6825,19.84,65.25,32.69,1.57,Good day
537,2012-06-20,2,1,6,0,3,1,1,0.78,0.72,0.59,0.11,872,5339,6211,3.01,42.48,14.09,0.66,Good day
538,2012-06-21,3,1,6,0,4,1,1,0.81,0.75,0.57,0.12,778,5127,5905,1.98,34.82,16.69,0.57,Good day
539,2012-06-22,3,1,6,0,5,1,1,0.78,0.72,0.57,0.18,964,4859,5823,3.69,36.87,51.03,0.99,Good day
540,2012-06-23,3,1,6,0,6,0,1,0.73,0.65,0.53,0.18,2657,4801,7458,10.12,27.43,49.52,1.07,Good day
541,2012-06-24,3,1,6,0,0,0,1,0.74,0.67,0.48,0.15,2551,4340,6891,8.69,14.36,31.19,0.72,Good day
542,2012-06-25,3,1,6,0,1,1,1,0.72,0.65,0.5,0.3,1139,5640,6779,14.23,21.27,90.42,1.54,Good day
543,2012-06-26,3,1,6,0,2,1,1,0.63,0.59,0.37,0.35,1077,6365,7442,30.23,2.46,95.9,1.89,Good day
544,2012-06-27,3,1,6,0,3,1,1,0.7,0.64,0.36,0.27,1077,6258,7335,18.13,2.19,85.5,1.42,Good day
545,2012-06-28,3,1,6,0,4,1,1,0.75,0.68,0.42,0.17,921,5958,6879,7.66,6.57,45.42,0.75,Good day
546,2012-06-29,3,1,6,0,5,1,1,0.83,0.79,0.49,0.17,829,4634,5463,0.68,16.55,41.31,0.6,Good day
547,2012-06-30,3,1,6,0,6,0,1,0.76,0.69,0.6,0.16,1455,4232,5687,5.68,44.32,39.06,1.0,Good day
548,2012-07-01,3,1,7,0,0,0,1,0.82,0.75,0.52,0.17,1421,4110,5531,1.5,24.62,43.37,0.73,Good day
549,2012-07-02,3,1,7,0,1,1,1,0.78,0.7,0.45,0.2,904,5323,6227,3.21,9.71,58.0,0.77,Good day
550,2012-07-03,3,1,7,0,2,1,1,0.78,0.7,0.49,0.13,1052,5608,6660,3.42,17.85,20.52,0.49,Good day
551,2012-07-04,3,1,7,1,3,0,1,0.79,0.73,0.54,0.13,2562,4841,7403,2.74,29.14,25.1,0.62,Good day
552,2012-07-05,3,1,7,0,4,1,1,0.83,0.76,0.46,0.19,1405,4836,6241,1.09,11.63,57.73,0.73,Good day
553,2012-07-06,3,1,7,0,5,1,1,0.83,0.75,0.45,0.15,1366,4841,6207,0.96,10.26,31.53,0.45,Good day
554,2012-07-07,3,1,7,0,6,0,1,0.86,0.8,0.49,0.16,1448,3392,4840,0.14,17.85,40.08,0.58,Good day
555,2012-07-08,3,1,7,0,0,0,1,0.82,0.79,0.57,0.13,1203,3469,4672,1.23,36.87,20.38,0.61,Good day
556,2012-07-09,3,1,7,0,1,1,2,0.71,0.65,0.68,0.18,998,5571,6569,15.25,62.93,50.14,1.59,Good day
557,2012-07-10,3,1,7,0,2,1,2,0.72,0.66,0.67,0.15,954,5336,6290,12.72,59.64,34.47,1.32,Good day
558,2012-07-11,3,1,7,0,3,1,1,0.72,0.65,0.63,0.15,975,6289,7264,13.82,51.3,34.34,1.27,Good day
559,2012-07-12,3,1,7,0,4,1,1,0.72,0.65,0.53,0.15,1032,6414,7446,14.23,26.54,32.08,1.01,Good day
560,2012-07-13,3,1,7,0,5,1,2,0.73,0.67,0.49,0.08,1511,5988,7499,10.12,16.07,5.2,0.52,Good day
561,2012-07-14,3,1,7,0,6,0,2,0.7,0.67,0.7,0.14,2355,4614,6969,17.1,68.33,30.37,1.5,Good day
562,2012-07-15,3,1,7,0,0,0,1,0.75,0.71,0.72,0.17,1920,4111,6031,8.34,72.37,42.13,1.4,Good day
563,2012-07-16,3,1,7,0,1,1,1,0.76,0.72,0.64,0.16,1088,5742,6830,6.16,54.31,40.77,1.14,Good day
564,2012-07-17,3,1,7,0,2,1,1,0.82,0.76,0.51,0.11,921,5865,6786,1.37,21.75,14.5,0.4,Good day
565,2012-07-18,3,1,7,0,3,1,1,0.79,0.75,0.58,0.14,799,4914,5713,2.53,37.82,26.95,0.72,Good day
566,2012-07-19,3,1,7,0,4,1,1,0.77,0.71,0.6,0.17,888,5703,6591,4.92,44.19,41.59,1.01,Good day
567,2012-07-20,3,1,7,0,5,1,2,0.67,0.61,0.84,0.21,747,5123,5870,23.19,93.02,63.61,2.26,Good day
568,2012-07-21,3,1,7,0,6,0,3,0.6,0.55,0.87,0.21,1264,3195,4459,35.7,94.8,65.66,2.68,Good day
569,2012-07-22,3,1,7,0,0,0,2,0.67,0.62,0.76,0.09,2544,4866,7410,22.85,82.97,8.62,1.6,Good day
570,2012-07-23,3,1,7,0,1,1,1,0.74,0.69,0.69,0.14,1135,5831,6966,9.03,66.42,27.5,1.21,Good day
571,2012-07-24,3,1,7,0,2,1,1,0.75,0.71,0.66,0.21,1140,6452,7592,7.25,57.46,64.77,1.44,Good day
572,2012-07-25,3,1,7,0,3,1,1,0.72,0.65,0.45,0.16,1383,6790,8173,11.7,10.05,41.04,0.86,Good day
573,2012-07-26,3,1,7,0,4,1,1,0.78,0.74,0.6,0.28,1036,5825,6861,3.9,43.3,87.69,1.43,Good day
574,2012-07-27,3,1,7,0,5,1,1,0.78,0.73,0.59,0.15,1259,5645,6904,3.21,42.89,35.23,0.88,Good day
575,2012-07-28,3,1,7,0,6,0,1,0.76,0.7,0.61,0.16,2234,4451,6685,6.5,46.44,37.55,1.03,Good day
576,2012-07-29,3,1,7,0,0,0,1,0.72,0.67,0.62,0.17,2153,4444,6597,12.45,49.45,44.73,1.32,Good day
577,2012-07-30,3,1,7,0,1,1,1,0.73,0.68,0.67,0.15,1040,6065,7105,10.4,59.99,35.57,1.27,Good day
578,2012-07-31,3,1,7,0,2,1,1,0.71,0.66,0.7,0.17,968,6248,7216,14.64,69.63,41.45,1.55,Good day
579,2012-08-01,3,1,8,0,3,1,1,0.72,0.67,0.68,0.14,1074,6506,7580,13.47,62.04,28.66,1.31,Good day
580,2012-08-02,3,1,8,0,4,1,1,0.75,0.71,0.66,0.13,983,6278,7261,7.05,58.34,21.82,1.01,Good day
581,2012-08-03,3,1,8,0,5,1,2,0.77,0.72,0.64,0.22,1328,5847,7175,5.47,53.76,66.55,1.37,Good day
582,2012-08-04,3,1,8,0,6,0,1,0.79,0.75,0.61,0.26,2345,4479,6824,2.53,46.44,82.22,1.36,Good day
583,2012-08-05,3,1,8,0,0,0,1,0.77,0.73,0.65,0.29,1707,3757,5464,5.06,56.43,88.51,1.6,Good day
584,2012-08-06,3,1,8,0,1,1,2,0.75,0.71,0.65,0.13,1233,5780,7013,7.05,57.05,21.82,1.0,Good day
585,2012-08-07,3,1,8,0,2,1,2,0.74,0.7,0.7,0.12,1278,5995,7273,9.44,69.49,15.53,1.13,Good day
586,2012-08-08,3,1,8,0,3,1,2,0.75,0.71,0.67,0.11,1263,6271,7534,7.46,60.94,13.0,0.96,Good day
587,2012-08-09,3,1,8,0,4,1,1,0.76,0.7,0.62,0.16,1196,6090,7286,6.5,48.22,37.07,1.05,Good day
588,2012-08-10,3,1,8,0,5,1,2,0.72,0.67,0.72,0.24,1065,4721,5786,14.23,71.55,77.7,1.92,Good day
589,2012-08-11,3,1,8,0,6,0,2,0.69,0.64,0.73,0.21,2247,4052,6299,19.29,75.51,62.24,1.96,Good day
590,2012-08-12,3,1,8,0,0,0,1,0.7,0.64,0.53,0.12,2182,4362,6544,17.58,26.74,18.54,0.98,Good day
591,2012-08-13,3,1,8,0,1,1,1,0.72,0.66,0.55,0.14,1207,5676,6883,12.72,31.12,26.13,0.95,Good day
592,2012-08-14,3,1,8,0,2,1,1,0.73,0.68,0.69,0.17,1128,5656,6784,11.08,64.43,44.19,1.42,Good day
593,2012-08-15,3,1,8,0,3,1,1,0.71,0.65,0.62,0.17,1198,6149,7347,16.76,47.88,44.46,1.43,Good day
594,2012-08-16,3,1,8,0,4,1,1,0.72,0.65,0.52,0.14,1338,6267,7605,13.2,24.83,29.07,0.94,Good day
595,2012-08-17,3,1,8,0,5,1,1,0.72,0.24,0.57,0.23,1483,5665,7148,11.97,36.39,74.15,1.46,Good day
596,2012-08-18,3,1,8,0,6,0,1,0.68,0.62,0.6,0.18,2827,5038,7865,21.82,44.73,48.7,1.59,Good day
597,2012-08-19,3,1,8,0,0,0,2,0.64,0.6,0.71,0.09,1208,3341,4549,28.52,70.73,7.11,1.63,Good day
598,2012-08-20,3,1,8,0,1,1,2,0.64,0.6,0.73,0.13,1026,5504,6530,28.52,75.92,22.3,1.84,Good day
599,2012-08-21,3,1,8,0,2,1,1,0.65,0.6,0.67,0.07,1081,5925,7006,26.74,61.15,3.83,1.45,Good day
600,2012-08-22,3,1,8,0,3,1,1,0.67,0.62,0.68,0.07,1094,6281,7375,22.85,61.76,3.56,1.34,Good day
601,2012-08-23,3,1,8,0,4,1,1,0.7,0.64,0.64,0.08,1363,6402,7765,18.88,51.92,6.98,1.16,Good day
602,2012-08-24,3,1,8,0,5,1,2,0.7,0.65,0.62,0.07,1325,6257,7582,17.37,47.06,3.69,1.03,Good day
603,2012-08-25,3,1,8,0,6,0,2,0.66,0.62,0.71,0.24,1829,4224,6053,23.67,71.27,79.34,2.22,Good day
604,2012-08-26,3,1,8,0,0,0,2,0.65,0.6,0.85,0.23,1483,3772,5255,25.72,93.3,72.64,2.43,Good day
605,2012-08-27,3,1,8,0,1,1,1,0.7,0.65,0.73,0.13,989,5928,6917,17.1,75.1,21.61,1.48,Good day
606,2012-08-28,3,1,8,0,2,1,1,0.73,0.67,0.62,0.19,935,6105,7040,10.67,48.02,56.36,1.36,Good day
607,2012-08-29,3,1,8,0,3,1,1,0.68,0.64,0.55,0.11,1177,6520,7697,20.31,32.56,13.68,1.07,Good day
608,2012-08-30,3,1,8,0,4,1,1,0.71,0.65,0.59,0.08,1172,6541,7713,16.76,41.86,4.51,0.97,Good day
609,2012-08-31,3,1,8,0,5,1,1,0.76,0.69,0.59,0.17,1433,5917,7350,5.95,40.77,43.57,1.02,Good day
610,2012-09-01,3,1,9,0,6,0,2,0.75,0.7,0.64,0.11,2352,3788,6140,6.84,53.08,13.82,0.87,Good day
611,2012-09-02,3,1,9,0,0,0,2,0.7,0.65,0.82,0.06,2613,3197,5810,18.54,89.81,2.74,1.48,Good day
612,2012-09-03,3,1,9,1,1,0,1,0.71,0.66,0.79,0.15,1965,4069,6034,16.35,86.32,34.13,1.69,Good day
613,2012-09-04,3,1,9,0,2,1,1,0.73,0.69,0.76,0.24,867,5997,6864,11.35,80.64,76.27,1.91,Good day
614,2012-09-05,3,1,9,0,3,1,1,0.74,0.71,0.74,0.19,832,6280,7112,9.3,78.11,54.1,1.6,Good day
615,2012-09-06,3,1,9,0,4,1,2,0.7,0.66,0.81,0.14,611,5592,6203,18.54,89.06,29.82,1.74,Good day
616,2012-09-07,3,1,9,0,5,1,1,0.7,0.66,0.74,0.17,1045,6459,7504,17.1,76.74,45.28,1.73,Good day
617,2012-09-08,3,1,9,0,6,0,2,0.66,0.61,0.8,0.28,1557,4419,5976,24.21,87.41,86.87,2.47,Good day
618,2012-09-09,3,1,9,0,0,0,1,0.61,0.58,0.55,0.22,2570,5657,8227,33.11,31.4,70.38,2.01,Good day
619,2012-09-10,3,1,9,0,1,1,1,0.58,0.57,0.5,0.26,1118,6407,7525,37.0,20.93,82.76,2.15,Good day
620,2012-09-11,3,1,9,0,2,1,1,0.58,0.55,0.52,0.09,1070,6697,7767,37.89,25.1,8.28,1.47,Good day
621,2012-09-12,3,1,9,0,3,1,1,0.6,0.57,0.58,0.13,1050,6820,7870,35.16,37.82,23.39,1.67,Good day
622,2012-09-13,3,1,9,0,4,1,1,0.61,0.58,0.64,0.08,1054,6750,7804,32.76,52.67,5.95,1.57,Good day
623,2012-09-14,3,1,9,0,5,1,1,0.63,0.59,0.67,0.1,1379,6630,8009,29.69,60.74,11.35,1.61,Good day
624,2012-09-15,3,1,9,0,6,0,1,0.61,0.59,0.5,0.25,3160,5554,8714,33.45,20.38,79.75,2.0,Good day
625,2012-09-16,3,1,9,0,0,0,1,0.58,0.56,0.57,0.09,2166,5167,7333,37.62,35.98,7.66,1.56,Good day
626,2012-09-17,3,1,9,0,1,1,2,0.58,0.55,0.73,0.15,1022,5847,6869,37.48,76.13,34.68,2.23,Good day
627,2012-09-18,3,1,9,0,2,1,2,0.62,0.57,0.87,0.36,371,3702,4073,30.92,95.35,96.85,2.85,Good day
628,2012-09-19,3,1,9,0,3,1,1,0.55,0.54,0.54,0.22,788,6803,7591,41.59,28.04,66.35,2.19,Good day
629,2012-09-20,3,1,9,0,4,1,1,0.55,0.53,0.62,0.12,939,6781,7720,42.54,47.74,16.35,1.92,Good day
630,2012-09-21,3,1,9,0,5,1,1,0.6,0.57,0.67,0.15,1250,6917,8167,35.16,59.99,35.84,2.01,Good day
631,2012-09-22,3,1,9,0,6,0,1,0.65,0.61,0.65,0.28,2512,5883,8395,26.27,54.79,87.41,2.21,Good day
632,2012-09-23,4,1,9,0,0,0,1,0.53,0.52,0.47,0.22,2454,5453,7907,46.24,12.59,69.9,2.21,Good day
633,2012-09-24,4,1,9,0,1,1,1,0.51,0.5,0.49,0.14,1001,6435,7436,48.02,18.13,29.69,1.92,Good day
634,2012-09-25,4,1,9,0,2,1,1,0.55,0.54,0.57,0.24,845,6693,7538,42.0,35.98,76.27,2.38,Good day
635,2012-09-26,4,1,9,0,3,1,1,0.64,0.6,0.63,0.24,787,6946,7733,29.0,50.62,79.21,2.17,Good day
636,2012-09-27,4,1,9,0,4,1,2,0.65,0.61,0.69,0.13,751,6642,7393,26.27,65.53,24.9,1.69,Good day
637,2012-09-28,4,1,9,0,5,1,2,0.62,0.59,0.69,0.16,1045,6370,7415,31.74,65.25,40.49,2.01,Good day
638,2012-09-29,4,1,9,0,6,0,1,0.54,0.53,0.54,0.23,2589,5966,8555,43.3,30.64,71.96,2.32,Good day
639,2012-09-30,4,1,9,0,0,0,1,0.53,0.52,0.58,0.13,2015,4874,6889,46.72,39.74,25.72,2.06,Good day
640,2012-10-01,4,1,10,0,1,1,2,0.52,0.51,0.65,0.09,763,6015,6778,47.54,55.27,7.8,2.06,Good day
641,2012-10-02,4,1,10,0,2,1,3,0.59,0.54,0.87,0.1,315,4324,4639,36.53,95.21,11.63,2.16,Good day
642,2012-10-03,4,1,10,0,3,1,2,0.66,0.6,0.79,0.07,728,6844,7572,24.42,86.87,3.15,1.63,Good day
643,2012-10-04,4,1,10,0,4,1,2,0.66,0.61,0.72,0.12,891,6437,7328,24.42,73.6,16.01,1.63,Good day
644,2012-10-05,4,1,10,0,5,1,1,0.62,0.58,0.63,0.11,1516,6640,8156,32.35,50.21,11.9,1.59,Good day
645,2012-10-06,4,1,10,0,6,0,1,0.55,0.54,0.66,0.27,3031,4934,7965,41.31,58.89,84.4,2.67,Good day
646,2012-10-07,4,1,10,0,0,0,2,0.42,0.42,0.71,0.14,781,2729,3510,61.56,70.18,28.45,2.83,Good day
647,2012-10-08,4,1,10,1,1,0,2,0.38,0.39,0.71,0.19,874,4604,5478,67.17,70.45,55.54,3.27,Good day
648,2012-10-09,4,1,10,0,2,1,2,0.45,0.44,0.76,0.19,601,5791,6392,57.05,82.63,55.68,3.09,Good day
649,2012-10-10,4,1,10,0,3,1,1,0.51,0.5,0.63,0.19,780,6911,7691,48.02,50.62,54.31,2.49,Good day
650,2012-10-11,4,1,10,0,4,1,1,0.44,0.43,0.46,0.18,834,6736,7570,59.3,11.9,50.34,2.4,Good day
651,2012-10-12,4,1,10,0,5,1,1,0.44,0.43,0.54,0.24,1060,6222,7282,58.48,29.27,75.92,2.81,Good day
652,2012-10-13,4,1,10,0,6,0,1,0.39,0.39,0.49,0.15,2252,4857,7109,65.53,18.81,31.53,2.47,Good day
653,2012-10-14,4,1,10,0,0,0,1,0.52,0.51,0.64,0.28,2080,4559,6639,47.2,53.35,86.73,2.82,Good day
654,2012-10-15,4,1,10,0,1,1,2,0.56,0.54,0.71,0.3,760,5115,5875,40.49,69.97,90.22,2.82,Good day
655,2012-10-16,4,1,10,0,2,1,1,0.47,0.46,0.56,0.18,922,6612,7534,53.63,33.52,50.75,2.45,Good day
656,2012-10-17,4,1,10,0,3,1,1,0.46,0.45,0.69,0.1,979,6482,7461,56.22,66.14,10.53,2.45,Good day
657,2012-10-18,4,1,10,0,4,1,2,0.52,0.51,0.73,0.24,1008,6501,7509,46.92,74.15,76.81,2.92,Good day
658,2012-10-19,4,1,10,0,5,1,2,0.56,0.54,0.82,0.13,753,4671,5424,39.95,89.81,25.44,2.35,Good day
659,2012-10-20,4,1,10,0,6,0,1,0.48,0.47,0.57,0.12,2806,5284,8090,51.64,36.53,15.87,2.07,Good day
660,2012-10-21,4,1,10,0,0,0,1,0.46,0.46,0.51,0.17,2132,4692,6824,54.24,23.67,41.72,2.28,Good day
661,2012-10-22,4,1,10,0,1,1,1,0.49,0.48,0.57,0.08,830,6228,7058,51.03,35.16,5.47,1.94,Good day
662,2012-10-23,4,1,10,0,2,1,1,0.54,0.53,0.64,0.09,841,6625,7466,42.95,53.49,9.03,1.91,Good day
663,2012-10-24,4,1,10,0,3,1,1,0.59,0.56,0.64,0.07,795,6898,7693,36.8,52.19,3.97,1.67,Good day
664,2012-10-25,4,1,10,0,4,1,2,0.55,0.53,0.8,0.12,875,6484,7359,42.0,87.55,19.29,2.33,Good day
665,2012-10-26,4,1,10,0,5,1,2,0.55,0.52,0.81,0.13,1182,6262,7444,42.68,88.37,23.67,2.4,Good day
666,2012-10-27,4,1,10,0,6,0,2,0.53,0.52,0.72,0.24,2643,5209,7852,45.96,72.91,76.06,2.87,Good day
667,2012-10-28,4,1,10,0,0,0,2,0.48,0.47,0.69,0.4,998,3461,4459,52.12,66.69,98.77,3.22,Good day
668,2012-10-29,4,1,10,0,1,1,3,0.44,0.44,0.88,0.36,2,20,22,58.0,95.76,97.13,3.67,Normal day
669,2012-10-30,4,1,10,0,2,1,2,0.32,0.31,0.83,0.21,87,1009,1096,79.21,90.83,65.53,3.94,Normal day
670,2012-10-31,4,1,10,0,3,1,2,0.36,0.36,0.67,0.17,419,5147,5566,71.0,59.44,42.13,3.15,Good day
671,2012-11-01,4,1,11,0,4,1,2,0.37,0.37,0.58,0.16,466,5520,5986,69.9,39.4,37.35,2.86,Good day
672,2012-11-02,4,1,11,0,5,1,1,0.36,0.36,0.52,0.27,618,5229,5847,71.41,25.31,84.06,3.24,Good day
673,2012-11-03,4,1,11,0,6,0,2,0.34,0.32,0.49,0.27,1029,4109,5138,73.73,17.44,84.95,3.24,Good day
674,2012-11-04,4,1,11,0,0,0,1,0.33,0.33,0.53,0.18,1201,3906,5107,76.95,27.22,49.25,3.07,Good day
675,2012-11-05,4,1,11,0,1,1,1,0.32,0.31,0.49,0.24,378,4881,5259,78.8,18.6,76.47,3.31,Good day
676,2012-11-06,4,1,11,0,2,1,1,0.28,0.28,0.57,0.17,466,5220,5686,85.98,34.4,46.51,3.39,Good day
677,2012-11-07,4,1,11,0,3,1,2,0.3,0.27,0.55,0.3,326,4709,5035,82.9,31.4,91.11,3.71,Normal day
678,2012-11-08,4,1,11,0,4,1,1,0.35,0.34,0.33,0.35,340,4975,5315,72.09,1.78,96.03,3.14,Good day
679,2012-11-09,4,1,11,0,5,1,1,0.36,0.36,0.54,0.21,709,5283,5992,70.73,29.75,66.07,3.08,Good day
680,2012-11-10,4,1,11,0,6,0,1,0.39,0.39,0.65,0.06,2090,4446,6536,66.07,54.45,1.5,2.54,Good day
681,2012-11-11,4,1,11,0,0,0,1,0.42,0.42,0.66,0.13,2290,4562,6852,61.29,58.14,21.2,2.63,Good day
682,2012-11-12,4,1,11,1,1,0,1,0.48,0.48,0.74,0.17,1097,5172,6269,51.3,78.39,46.65,2.79,Good day
683,2012-11-13,4,1,11,0,2,1,2,0.34,0.32,0.66,0.34,327,3767,4094,73.73,58.55,94.53,3.74,Normal day
684,2012-11-14,4,1,11,0,3,1,1,0.29,0.28,0.55,0.2,373,5122,5495,84.27,32.56,59.23,3.45,Good day
685,2012-11-15,4,1,11,0,4,1,2,0.32,0.32,0.62,0.15,320,5125,5445,78.32,48.22,35.02,3.18,Good day
686,2012-11-16,4,1,11,0,5,1,1,0.34,0.35,0.52,0.17,484,5214,5698,73.05,25.92,44.94,2.9,Good day
687,2012-11-17,4,1,11,0,6,0,1,0.32,0.33,0.55,0.18,1313,4316,5629,77.43,31.12,49.79,3.13,Good day
688,2012-11-18,4,1,11,0,0,0,1,0.34,0.34,0.69,0.23,922,3747,4669,74.15,66.14,72.09,3.61,Normal day
689,2012-11-19,4,1,11,0,1,1,2,0.38,0.38,0.62,0.24,449,5050,5499,67.58,49.25,75.65,3.28,Good day
690,2012-11-20,4,1,11,0,2,1,2,0.37,0.38,0.68,0.08,534,5100,5634,68.81,63.68,6.16,2.76,Good day
691,2012-11-21,4,1,11,0,3,1,1,0.35,0.36,0.61,0.1,615,4531,5146,71.82,46.79,11.22,2.73,Good day
692,2012-11-22,4,1,11,1,4,0,1,0.34,0.35,0.58,0.05,955,1470,2425,74.76,39.06,1.09,2.64,Good day
693,2012-11-23,4,1,11,0,5,1,1,0.37,0.38,0.57,0.15,1603,2307,3910,69.63,35.43,32.83,2.77,Good day
694,2012-11-24,4,1,11,0,6,0,1,0.28,0.25,0.4,0.38,532,1745,2277,86.59,4.79,98.08,3.63,Normal day
695,2012-11-25,4,1,11,0,0,0,1,0.25,0.26,0.47,0.15,309,2115,2424,91.72,12.86,33.93,3.22,Good day
696,2012-11-26,4,1,11,0,1,1,1,0.31,0.34,0.54,0.05,337,4750,5087,80.51,27.77,0.68,2.7,Good day
697,2012-11-27,4,1,11,0,2,1,2,0.29,0.28,0.79,0.24,123,3836,3959,83.72,85.64,77.15,4.14,Normal day
698,2012-11-28,4,1,11,0,3,1,1,0.3,0.29,0.51,0.21,198,5062,5260,82.63,21.96,64.3,3.34,Good day
699,2012-11-29,4,1,11,0,4,1,1,0.28,0.3,0.56,0.12,243,5080,5323,85.77,33.24,15.05,3.06,Good day
700,2012-11-30,4,1,11,0,5,1,1,0.3,0.32,0.65,0.06,362,5306,5668,82.28,55.54,1.64,3.04,Good day
701,2012-12-01,4,1,12,0,6,0,2,0.3,0.32,0.81,0.06,951,4240,5191,82.28,88.24,1.78,3.37,Good day
702,2012-12-02,4,1,12,0,0,0,2,0.35,0.36,0.82,0.12,892,3757,4649,72.64,90.63,19.49,3.28,Good day
703,2012-12-03,4,1,12,0,1,1,1,0.45,0.46,0.77,0.08,555,5679,6234,56.5,83.58,5.95,2.59,Good day
704,2012-12-04,4,1,12,0,2,1,1,0.48,0.47,0.73,0.17,551,6055,6606,52.46,75.72,46.85,2.8,Good day
705,2012-12-05,4,1,12,0,3,1,1,0.44,0.43,0.48,0.32,331,5398,5729,58.14,15.87,93.16,2.83,Good day
706,2012-12-06,4,1,12,0,4,1,1,0.26,0.26,0.51,0.17,340,5035,5375,90.63,23.46,47.33,3.43,Good day
707,2012-12-07,4,1,12,0,5,1,2,0.32,0.32,0.76,0.13,349,4659,5008,78.52,83.17,22.64,3.41,Good day
708,2012-12-08,4,1,12,0,6,0,2,0.38,0.39,0.91,0.1,1153,4429,5582,67.44,98.29,10.67,3.11,Good day
709,2012-12-09,4,1,12,0,0,0,2,0.38,0.39,0.91,0.16,441,2787,3228,66.89,97.67,38.03,3.36,Good day
710,2012-12-10,4,1,12,0,1,1,2,0.44,0.44,0.92,0.19,329,4841,5170,58.96,98.91,55.95,3.32,Good day
711,2012-12-11,4,1,12,0,2,1,2,0.35,0.34,0.6,0.3,282,5219,5501,71.82,43.3,90.22,3.49,Good day
712,2012-12-12,4,1,12,0,3,1,2,0.3,0.3,0.54,0.16,310,5009,5319,82.49,28.86,39.81,3.16,Good day
713,2012-12-13,4,1,12,0,4,1,1,0.3,0.29,0.49,0.17,425,5107,5532,82.9,16.07,46.85,3.12,Good day
714,2012-12-14,4,1,12,0,5,1,1,0.28,0.29,0.64,0.13,429,5182,5611,85.64,53.9,23.26,3.34,Good day
715,2012-12-15,4,1,12,0,6,0,1,0.32,0.34,0.65,0.11,767,4280,5047,77.77,55.75,11.9,3.01,Good day
716,2012-12-16,4,1,12,0,0,0,2,0.36,0.37,0.84,0.1,538,3248,3786,70.45,92.61,10.26,3.14,Good day
717,2012-12-17,4,1,12,0,1,1,2,0.39,0.4,0.91,0.1,212,4373,4585,65.53,97.95,9.58,3.04,Good day
718,2012-12-18,4,1,12,0,2,1,1,0.41,0.41,0.67,0.22,433,5124,5557,62.72,59.23,68.67,3.16,Good day
719,2012-12-19,4,1,12,0,3,1,1,0.33,0.34,0.63,0.18,333,4934,5267,75.72,49.79,51.71,3.29,Good day
720,2012-12-20,4,1,12,0,4,1,2,0.33,0.34,0.67,0.13,314,3814,4128,76.2,59.78,23.53,3.12,Good day
721,2012-12-21,1,1,12,0,5,1,2,0.33,0.3,0.56,0.37,221,3402,3623,76.68,33.38,97.81,3.61,Normal day
722,2012-12-22,1,1,12,0,6,0,1,0.27,0.24,0.44,0.41,205,1544,1749,88.65,8.96,98.91,3.74,Normal day
723,2012-12-23,1,1,12,0,0,0,1,0.25,0.26,0.52,0.13,408,1379,1787,91.72,24.08,23.87,3.23,Good day
724,2012-12-24,1,1,12,0,1,1,2,0.23,0.26,0.79,0.08,174,746,920,92.89,86.46,4.79,3.7,Normal day
725,2012-12-25,1,1,12,1,2,0,2,0.29,0.29,0.73,0.17,440,573,1013,83.86,76.33,43.98,3.72,Normal day
726,2012-12-26,1,1,12,0,3,1,3,0.24,0.22,0.82,0.32,9,432,441,92.0,90.63,92.75,4.59,Bad day
727,2012-12-27,1,1,12,0,4,1,2,0.25,0.23,0.65,0.35,247,1867,2114,90.9,56.63,96.31,4.26,Bad day
728,2012-12-28,1,1,12,0,5,1,2,0.25,0.26,0.59,0.16,644,2451,3095,91.18,41.45,36.59,3.52,Normal day
729,2012-12-29,1,1,12,0,6,0,2,0.25,0.24,0.75,0.12,159,1182,1341,91.18,80.03,19.7,3.73,Normal day
730,2012-12-30,1,1,12,0,0,0,1,0.26,0.23,0.48,0.35,364,1432,1796,90.63,15.46,96.44,3.84,Normal day
731,2012-12-31,1,1,12,0,1,1,2,0.22,0.22,0.58,0.15,439,2290,2729,94.94,38.03,36.11,3.59,Normal day
